name,ra,dec,core_radius (degrees),central_radius (degrees),cluster_radius (degrees),num_core_stars,num_central_stars,num_cluster_stars,distance (PC)
MWSC 4688,23 51 54,-86 43.2,0.020,0.100,0.185,2,22,57,1336
MWSC 5684,12 53 43,-86 38.9,0.020,0.080,0.155,3,19,52,1432
MWSC 5692,17 47 20,-86 36.6,0.025,0.095,0.135,4,18,28,1555
MWSC 4005,00 11 28,-85 28.8,0.012,0.100,0.165,3,26,42,1159
MWSC 4176,14 27 18,-85 25.2,0.025,0.150,0.280,4,53,155,1093
ESO 008-06,14 56 55,-83 26.7,0.025,0.130,0.185,5,46,78,1380
MWSC 4219,15 42 14,-83 11.7,0.015,0.115,0.200,2,36,95,1606
MWSC 5575,01 59 42,-83 03.0,0.015,0.090,0.150,1,10,20,2191
MWSC 4682,23 43 23,-82 57.6,0.020,0.115,0.190,2,22,58,1065
IC 4499,15 00 18,-82 12.8,0.030,0.085,0.140,8,27,50,18804
MWSC 5685,13 05 24,-82 02.6,0.020,0.090,0.160,3,25,64,1581
MWSC 5681,10 41 47,-82 00.3,0.018,0.075,0.115,4,20,41,1700
FSR 1626,12 20 06,-81 30.6,0.020,0.115,0.200,2,32,109,2671
FSR 1631,12 45 43,-81 15.5,0.025,0.110,0.180,5,51,100,1456
FSR 1629,12 34 55,-80 57.0,0.020,0.095,0.170,5,32,78,3597
MWSC 5688,15 25 59,-80 07.8,0.015,0.070,0.105,2,12,25,1236
ESO 026-02,20 26 38,-80 00.0,0.015,0.090,0.160,1,17,44,2473
MWSC 4137,09 26 11,-79 44.4,0.015,0.105,0.180,3,32,83,1209
Mamajek 1,08 41 53,-79 02.7,0.030,0.190,0.420,1,5,19,112
Melotte 227,20 16 48,-79 02.4,0.040,0.180,0.330,5,41,137,2218
MWSC 5679,09 33 00,-78 58.2,0.012,0.085,0.155,1,26,51,1122
MWSC 5572,01 54 18,-78 57.9,0.020,0.070,0.140,2,7,14,1472
MWSC 5749,20 32 10,-78 36.9,0.012,0.090,0.150,3,29,47,1890
ESO 021-06,14 15 52,-78 30.9,0.025,0.090,0.165,3,32,89,2473
MWSC 5672,07 15 20,-78 26.4,0.013,0.075,0.135,1,13,33,1288
Feigelson 1,12 01 12,-78 20.1,0.070,0.600,0.950,1,14,26,117
MWSC 4114,06 07 52,-78 13.2,0.030,0.130,0.240,3,24,60,962
MWSC 5680,09 43 48,-78 12.3,0.020,0.080,0.150,3,22,59,1050
FSR 1607,11 33 00,-77 49.5,0.010,0.085,0.150,2,31,69,1561
MWSC 5698,18 41 49,-77 43.4,0.017,0.080,0.150,2,17,49,2069
FSR 1675,16 10 29,-77 39.6,0.020,0.085,0.135,4,30,53,5666
MWSC 4140,09 36 36,-77 28.8,0.020,0.135,0.225,3,45,112,2465
FSR 1640,13 11 55,-77 27.0,0.020,0.090,0.155,2,36,78,6213
FSR 1579,09 13 41,-77 25.5,0.020,0.085,0.150,5,32,65,1000
Chamaleon I,11 03 36,-77 20.4,0.030,0.220,0.360,2,29,75,380
E 3,09 20 57,-77 16.9,0.010,0.060,0.100,1,13,25,8104
MWSC 4668,22 56 56,-77 10.2,0.030,0.125,0.180,2,15,22,775
FSR 1639,13 09 16,-77 08.1,0.025,0.110,0.195,3,28,80,7943
NGC 1520,03 57 52,-76 48.0,0.020,0.090,0.130,1,8,10,1023
FSR 1577,09 28 46,-76 05.1,0.018,0.085,0.150,5,32,81,1561
FSR 1598,11 23 06,-75 00.9,0.018,0.060,0.110,7,21,58,3575
MWSC 5676,08 41 55,-74 45.9,0.018,0.085,0.145,4,26,58,1604
ESO 043-13,17 04 44,-74 21.0,0.020,0.090,0.140,2,31,73,1490
FSR 1647,13 45 41,-73 57.6,0.030,0.095,0.170,6,34,96,2436
FSR 1642,13 22 48,-73 34.5,0.015,0.080,0.130,1,30,78,3211
MWSC 4138,09 27 07,-73 30.0,0.025,0.120,0.185,7,51,103,1908
MWSC 5671,07 05 06,-73 22.8,0.020,0.105,0.210,2,28,64,2001
FSR 1692,16 45 14,-72 49.9,0.010,0.070,0.115,2,24,65,1781
FSR 1566,09 50 35,-72 45.7,0.015,0.085,0.140,2,29,72,1537
NGC 4372,12 25 45,-72 39.5,0.035,0.200,0.330,2,166,406,5807
NGC 6101,16 25 48,-72 12.1,0.025,0.075,0.125,1,16,45,15405
FSR 1667,14 21 41,-72 05.1,0.015,0.095,0.155,3,57,140,5175
NGC 104,00 24 01,-72 04.9,0.200,0.530,0.950,70,394,598,4501
FSR 1638,13 01 07,-71 23.7,0.018,0.060,0.120,3,23,53,7702
ESO 065-07,13 29 10,-71 15.9,0.012,0.065,0.110,3,33,67,3477
NGC 4833,12 59 34,-70 52.6,0.040,0.140,0.205,2,60,123,6595
NGC 362,01 03 18,-70 50.8,0.055,0.145,0.235,4,35,55,8603
FSR 1658,13 55 03,-70 45.0,0.018,0.075,0.147,7,46,136,4239
MWSC 5691,17 26 10,-70 44.1,0.015,0.055,0.100,3,13,39,2241
NGC 1557,04 13 08,-70 27.9,0.030,0.120,0.220,1,9,20,1820
NGC 5359,14 00 00,-70 24.0,0.018,0.090,0.170,2,18,59,2221
MWSC 5674,08 06 34,-70 19.5,0.018,0.065,0.115,3,20,43,1803
FSR 1572,10 23 40,-69 49.5,0.018,0.062,0.120,2,15,56,3494
ASCC 69,12 06 18,-69 46.8,0.025,0.140,0.275,3,71,239,774
ESO 065-03,12 51 18,-69 43.8,0.025,0.085,0.140,5,38,87,3047
ASCC 51,09 18 05,-69 41.4,0.040,0.290,0.450,6,70,157,496
FSR 1661,13 57 56,-69 21.9,0.012,0.060,0.100,4,32,79,4331
ESO 062-08,10 21 40,-69 20.9,0.012,0.060,0.100,1,11,27,1983
FSR 1568,10 24 47,-69 04.2,0.020,0.075,0.140,7,31,92,1871
ESO 062-11,10 38 56,-69 02.1,0.020,0.090,0.140,3,46,97,2695
FSR 1593,11 27 50,-68 44.1,0.025,0.075,0.140,13,44,120,1825
MWSC 4483,19 17 08,-68 31.5,0.015,0.150,0.235,2,46,113,1397
ESO 064-05,12 24 43,-68 29.1,0.015,0.110,0.160,2,56,110,1239
NGC 1901,05 18 14,-68 26.4,0.020,0.185,0.335,2,53,134,406
ASCC 78,15 05 37,-68 24.3,0.020,0.100,0.155,3,35,88,3241
Collinder 261,12 38 06,-68 22.0,0.030,0.140,0.235,15,172,421,2683
FSR 1650,13 35 39,-68 06.8,0.012,0.090,0.155,2,45,116,4103
Ruprecht 163,11 04 53,-67 56.6,0.010,0.040,0.090,4,14,60,3019
FSR 1554,09 58 49,-67 44.3,0.012,0.060,0.110,4,26,64,1513
FSR 1654,13 42 05,-67 42.0,0.010,0.055,0.095,1,12,35,4015
ASCC 71,12 20 46,-67 31.8,0.020,0.115,0.235,5,61,228,1209
Ruprecht 110,14 05 38,-67 28.5,0.012,0.100,0.185,2,52,182,1241
NGC 2348,07 03 04,-67 23.4,0.030,0.095,0.160,3,16,43,1076
ASCC 73,12 36 22,-67 15.0,0.022,0.140,0.245,4,48,125,650
vdBergh-Hagen 140,12 53 17,-67 10.2,0.015,0.060,0.110,2,26,86,5229
FSR 1597,11 44 35,-67 05.1,0.018,0.090,0.165,2,23,70,2879
Collinder 268,13 18 16,-67 04.5,0.025,0.060,0.115,7,22,64,1811
NGC 6362,17 31 55,-67 02.9,0.030,0.140,0.230,0,41,113,7600
FSR 1623,12 36 08,-66 56.5,0.018,0.075,0.135,4,37,113,6915
MWSC 5694,17 57 22,-66 48.0,0.012,0.060,0.110,1,16,32,1570
ASCC 57,10 10 55,-66 42.0,0.020,0.150,0.215,4,107,257,1483
FSR 1656,13 41 20,-66 38.2,0.018,0.060,0.105,8,25,86,5087
FSR 1514,07 58 32,-66 37.8,0.020,0.085,0.135,2,16,30,2754
FSR 1617,12 28 32,-66 33.6,0.018,0.110,0.171,3,47,105,1828
ASCC 76,13 52 14,-66 24.3,0.025,0.115,0.220,5,50,174,1025
vdBergh-Hagen 164,14 47 38,-66 23.4,0.025,0.250,0.370,1,43,110,501
Collinder 269,13 23 51,-66 09.6,0.020,0.125,0.210,6,49,129,1870
Alessi 6,14 40 32,-66 07.2,0.020,0.235,0.390,2,127,340,613
Collinder 277,13 48 14,-66 04.5,0.020,0.080,0.130,2,14,34,2204
vdBergh-Hagen 144,13 15 16,-65 55.2,0.015,0.045,0.060,0,21,31,7241
NGC 1641,04 35 26,-65 44.4,0.030,0.160,0.260,2,33,78,985
DBSB 72,11 45 57,-65 33.3,0.012,0.050,0.077,2,22,37,4494
DBSB 88,14 19 37,-65 25.9,0.016,0.050,0.085,2,8,20,1366
Loden 1002,13 54 36,-65 20.1,0.018,0.085,0.140,3,30,92,1332
Loden 757,13 12 00,-65 18.0,0.020,0.110,0.160,4,26,70,1340
Ruprecht 84,09 49 08,-65 14.4,0.020,0.100,0.180,6,58,171,1546
ESO 093-08,11 19 41,-65 13.0,0.010,0.038,0.070,0,9,32,13797
FSR 1605,12 07 39,-65 11.1,0.015,0.055,0.105,3,20,97,4430
Melotte 101,10 42 16,-65 05.7,0.035,0.140,0.230,14,132,248,1999
FSR 1584,11 09 13,-65 03.6,0.020,0.075,0.130,6,27,68,2241
NGC 4815,12 58 01,-64 57.6,0.025,0.065,0.105,9,39,69,2990
Ruprecht 107,13 19 46,-64 57.0,0.018,0.050,0.075,2,12,25,1454
Loden 995,13 54 18,-64 57.0,0.020,0.105,0.165,5,47,116,1481
FSR 1685,14 57 14,-64 56.7,0.010,0.055,0.085,2,17,50,1513
DBSB 73,11 50 10,-64 52.2,0.020,0.035,0.050,5,14,26,4532
NGC 2808,09 12 03,-64 51.8,0.040,0.150,0.260,1,82,215,9612
ESO 099-06,15 29 48,-64 51.0,0.020,0.065,0.105,5,25,57,1274
FSR 1693,15 25 50,-64 49.2,0.025,0.085,0.140,6,36,87,3743
ESO 092-05,10 03 13,-64 47.7,0.010,0.045,0.085,1,13,38,5168
NGC 4463,12 29 56,-64 47.4,0.020,0.080,0.140,8,46,133,1115
Loden 615,12 20 41,-64 46.5,0.020,0.135,0.245,3,56,150,826
FSR 1678,14 44 35,-64 44.4,0.020,0.095,0.140,3,39,85,1791
NGC 5288,13 48 44,-64 41.7,0.018,0.060,0.120,4,34,123,5086
FSR 1541,09 46 52,-64 37.9,0.010,0.060,0.110,1,17,56,3575
ESO 097-15,14 15 25,-64 37.8,0.020,0.080,0.120,3,19,61,3274
ESO 092-18,10 14 47,-64 35.4,0.010,0.050,0.075,3,16,35,9548
Ruprecht 98,11 58 52,-64 35.3,0.020,0.140,0.280,1,33,131,610
Loden 848,13 34 23,-64 33.0,0.025,0.110,0.225,3,38,162,1797
FSR 1641,13 04 41,-64 32.7,0.025,0.075,0.110,4,29,48,1934
FSR 1585,11 13 51,-64 28.6,0.012,0.075,0.125,2,46,122,4465
ASCC 82,15 47 02,-64 24.7,0.020,0.110,0.210,2,33,135,800
IC 2602,10 41 46,-64 24.0,0.090,0.800,1.480,18,935,3229,151
ASCC 70,12 14 49,-64 24.0,0.025,0.140,0.280,6,122,460,2652
ASCC 56,10 08 19,-64 22.8,0.040,0.235,0.320,9,165,317,797
Loden 894,13 39 41,-64 19.2,0.015,0.070,0.120,2,26,81,1423
MWSC 4463,18 58 55,-64 15.9,0.025,0.130,0.210,4,49,125,1406
Collinder 271,13 30 07,-64 12.0,0.015,0.070,0.110,3,17,35,2588
Juchert 13,12 01 41,-64 06.0,0.015,0.055,0.100,3,18,51,2795
vdBergh-Hagen 132,12 27 00,-64 04.0,0.020,0.100,0.180,8,89,236,1859
Ruprecht 99,12 03 29,-63 51.6,0.012,0.120,0.210,1,46,120,719
vdBergh-Hagen 111,11 09 07,-63 49.8,0.020,0.110,0.180,4,31,78,2634
NGC 6588,18 20 31,-63 48.6,0.020,0.090,0.140,4,29,68,4757
DBSB 79,12 48 47,-63 43.7,0.012,0.045,0.085,5,18,62,1489
Teutsch 79,13 23 39,-63 38.3,0.015,0.060,0.100,3,19,49,1461
Saurer 4,12 14 01,-63 35.4,0.015,0.030,0.045,3,6,16,5179
IC 2948,11 39 13,-63 30.6,0.020,0.100,0.170,7,44,130,2796
Ruprecht 94,11 30 32,-63 28.8,0.035,0.120,0.230,14,118,360,2932
Melotte 105,11 19 41,-63 28.5,0.020,0.090,0.160,10,87,178,2202
NGC 5155,13 29 53,-63 27.3,0.015,0.105,0.165,4,56,108,1404
FSR 1616,12 29 19,-63 25.8,0.012,0.075,0.130,3,52,142,1963
NGC 5045,13 14 31,-63 25.2,0.025,0.155,0.315,3,120,409,1662
Platais 12,13 52 35,-63 24.3,0.050,0.350,0.570,18,333,751,491
Loden 1375,14 44 20,-63 24.3,0.012,0.085,0.145,2,36,103,1819
vdBergh-Hagen 131,12 26 10,-63 24.0,0.010,0.045,0.090,2,21,71,4430
vdBergh-Hagen 121,11 38 06,-63 20.3,0.020,0.095,0.165,3,55,143,2937
vdBergh-Hagen 150,13 37 53,-63 19.2,0.020,0.060,0.100,5,25,69,1537
DBSB 69,11 33 49,-63 17.1,0.012,0.042,0.070,4,11,25,2273
DBSB 75,12 08 55,-63 16.2,0.010,0.050,0.080,2,25,54,4564
FSR 1622,12 37 59,-63 15.6,0.018,0.065,0.125,5,40,110,6017
NGC 4052,12 01 16,-63 12.9,0.012,0.085,0.150,1,59,197,1210
SAI 118,13 43 10,-63 09.6,0.012,0.085,0.140,2,70,162,1602
DBSB 55,10 42 31,-63 09.4,0.010,0.055,0.090,2,13,25,5308
Ruprecht 88,10 18 48,-63 08.2,0.018,0.085,0.130,1,33,80,1876
DBSB 68,11 28 52,-63 06.3,0.010,0.045,0.070,1,13,29,1777
Hogg 15,12 43 35,-63 05.9,0.012,0.038,0.075,5,13,67,3078
FSR 1653,13 33 50,-63 02.4,0.020,0.075,0.120,5,30,83,3258
Graham 1,10 56 32,-63 01.0,0.012,0.045,0.090,3,16,62,2577
Ruprecht 101,12 09 34,-63 00.3,0.020,0.120,0.190,3,100,231,2856
Dias 4,13 43 25,-63 00.0,0.020,0.080,0.130,1,28,68,2155
NGC 4609,12 42 18,-62 59.4,0.025,0.090,0.155,8,61,149,1308
IC 2944,11 36 13,-62 57.0,0.022,0.120,0.200,6,39,88,2098
NGC 5281,13 46 34,-62 55.5,0.035,0.115,0.215,14,124,371,1211
Cir OB1,14 45 00,-62 55.5,0.040,0.240,0.350,9,293,644,1783
DBSB 129,12 15 27,-62 54.6,0.015,0.035,0.050,5,23,38,6976
NGC 5269,13 44 44,-62 53.5,0.020,0.080,0.160,5,57,190,1634
Loden 1373,14 41 35,-62 53.4,0.025,0.115,0.170,5,40,89,3412
MWSC 5696,18 11 16,-62 48.9,0.011,0.065,0.120,1,15,36,2308
Trumpler 21,13 32 13,-62 48.0,0.025,0.085,0.160,4,49,144,1270
FSR 1694,15 15 13,-62 46.5,0.020,0.090,0.130,3,34,60,9537
DBSB 83,13 11 20,-62 45.3,0.010,0.040,0.060,3,26,48,3360
IC 2714,11 17 28,-62 44.4,0.025,0.120,0.195,13,215,494,1224
Ruprecht 102,12 13 34,-62 43.8,0.018,0.100,0.160,9,86,252,1609
FSR 1591,11 36 58,-62 43.4,0.012,0.065,0.115,1,25,78,1538
Ruprecht 97,11 57 23,-62 42.6,0.013,0.045,0.090,2,13,47,1537
Danks 1,13 12 31,-62 42.5,0.015,0.035,0.050,4,13,20,1873
NGC 3036,09 49 16,-62 40.2,0.020,0.080,0.140,3,29,74,1268
Danks 2,13 12 54,-62 40.0,0.020,0.040,0.065,6,15,26,2231
DBSB 85,13 18 27,-62 39.9,0.015,0.035,0.065,3,7,33,2024
FSR 1595,11 47 01,-62 39.0,0.012,0.070,0.140,5,56,196,4416
ASCC 89,17 23 20,-62 39.0,0.075,0.460,0.750,5,108,272,567
Ruprecht 100,12 05 46,-62 37.0,0.018,0.090,0.155,2,46,111,2589
Teutsch 77,11 53 29,-62 36.3,0.015,0.070,0.110,5,26,42,1920
Ruprecht 112,14 56 56,-62 34.4,0.020,0.100,0.160,5,80,195,1764
DBSB 131,13 11 39,-62 33.2,0.020,0.035,0.060,5,18,47,3298
Stock 14,11 43 48,-62 31.2,0.012,0.095,0.170,1,52,199,2454
Lynga 15,11 42 14,-62 30.6,0.020,0.080,0.125,7,49,97,1380
Stock 16,13 18 47,-62 30.6,0.020,0.095,0.185,3,34,113,1630
Loden 807,13 24 38,-62 29.7,0.020,0.115,0.180,4,85,195,703
DBSB 60,11 05 37,-62 29.1,0.010,0.040,0.055,2,22,32,3740
FSR 1659,13 38 01,-62 29.1,0.020,0.090,0.160,4,63,186,1764
Loden 467,11 45 30,-62 26.0,0.017,0.075,0.115,3,37,68,2569
Bica 5,11 41 35,-62 25.5,0.012,0.060,0.105,4,32,91,1687
C1331-622,13 34 37,-62 25.0,0.018,0.075,0.120,7,53,116,1078
DBSB 133,13 14 00,-62 24.1,0.014,0.060,0.110,4,42,100,2927
ASCC 75,13 47 15,-62 24.0,0.020,0.090,0.160,4,56,181,2948
Basel 18,13 27 52,-62 19.8,0.020,0.095,0.155,1,26,57,2226
ASCC 77,14 10 48,-62 19.8,0.020,0.150,0.265,3,188,536,2041
FSR 1586,11 22 41,-62 19.2,0.018,0.080,0.140,8,66,140,2863
Ruprecht 162,10 52 50,-62 18.3,0.025,0.085,0.135,6,17,34,3019
DBSB 70,11 48 32,-62 17.1,0.015,0.055,0.080,3,19,42,1274
SAI 116,11 49 17,-62 13.5,0.010,0.060,0.100,2,35,70,2382
MWSC 5697,18 24 36,-62 11.7,0.020,0.065,0.125,4,21,64,1496
ESO 132-14,13 36 32,-62 11.4,0.018,0.050,0.100,3,23,89,1093
Ruprecht 96,11 50 47,-62 09.0,0.018,0.077,0.125,7,45,98,1251
Lynga 1,14 00 00,-62 09.0,0.012,0.085,0.155,3,75,197,1312
FSR 1630,12 48 43,-62 08.1,0.020,0.070,0.135,7,38,145,2368
Pismis 18,13 36 56,-62 03.9,0.012,0.085,0.150,2,51,125,2309
Loden 1282,14 15 50,-59 07.2,0.012,0.090,0.135,2,77,153,1349
Loden 991,13 45 16,-62 02.1,0.020,0.070,0.110,7,54,149,2628
Loden 1339,14 33 29,-62 01.0,0.012,0.055,0.095,3,23,56,1278
FSR 1645,13 21 07,-61 55.5,0.020,0.100,0.170,8,95,264,1278
NGC 4349,12 24 14,-61 52.2,0.025,0.105,0.205,15,129,390,2155
NGC 5316,13 53 56,-61 52.2,0.040,0.165,0.260,19,262,570,1208
DBSB 78,12 36 04,-61 51.3,0.015,0.043,0.070,3,11,25,4569
Loden 213,10 36 09,-61 50.2,0.012,0.070,0.125,1,26,74,1876
Loden 624,12 26 19,-61 48.0,0.030,0.200,0.320,14,398,999,1423
FSR 1669,13 56 17,-61 45.0,0.012,0.075,0.120,4,53,140,1105
Loden 1101,13 58 10,-61 45.0,0.012,0.080,0.155,4,57,184,2088
ESO 137-43,16 48 25,-61 45.0,0.010,0.060,0.090,1,26,50,1659
Kronberger 39,10 54 14,-61 44.0,0.012,0.035,0.052,0,6,7,4372
ESO 137-23,16 24 31,-61 44.0,0.018,0.080,0.130,3,29,85,1561
vdBergh-Hagen 151,13 40 16,-61 43.8,0.014,0.045,0.065,3,22,57,3572
Bochum 12,10 57 22,-61 43.5,0.020,0.075,0.145,5,16,50,2485
Loden 1409,14 44 40,-61 42.9,0.035,0.150,0.260,10,147,409,2088
Ruprecht 92,10 53 31,-61 42.0,0.025,0.085,0.155,5,22,58,2211
DBSB 77,12 34 59,-61 39.2,0.010,0.028,0.045,2,10,30,5417
DBSB 53,10 32 44,-61 37.2,0.010,0.055,0.100,1,16,35,3438
NGC 3766,11 36 18,-61 36.9,0.022,0.115,0.230,16,141,366,1685
Trumpler 11,10 04 54,-61 36.0,0.018,0.075,0.120,2,14,18,3884
DBSB 80,12 50 23,-61 34.9,0.015,0.040,0.070,0,11,32,2132
Ruprecht 105,12 33 54,-61 34.5,0.035,0.115,0.195,11,118,312,1250
FSR 1668,13 54 54,-61 34.5,0.018,0.075,0.140,6,66,216,1184
DBSB 66,11 16 26,-61 29.1,0.018,0.037,0.055,7,24,47,7511
vdBergh-Hagen 110,11 07 16,-61 27.6,0.010,0.050,0.085,1,12,23,1879
FSR 1666,13 48 36,-61 27.3,0.020,0.110,0.195,6,64,255,2677
Loden 1256,14 18 00,-61 25.5,0.035,0.115,0.190,9,112,302,1226
Ruprecht 93,11 04 12,-61 22.2,0.015,0.080,0.135,3,43,84,1619
Hogg 17,14 33 59,-61 20.8,0.018,0.070,0.125,4,54,151,1148
Collinder 272,13 30 20,-61 20.1,0.030,0.115,0.205,11,121,359,2095
Lynga 2,14 24 27,-61 19.8,0.020,0.120,0.200,6,158,413,932
DBSB 62,11 11 20,-61 17.4,0.012,0.065,0.100,1,24,45,2187
Loden 481,11 51 50,-61 16.2,0.020,0.120,0.235,4,118,380,1634
Ruprecht 161,10 09 11,-61 15.6,0.020,0.150,0.240,6,54,149,976
Shorlin 2,11 05 33,-61 15.3,0.010,0.038,0.060,2,8,11,4129
NGC 3603,11 15 23,-61 15.0,0.015,0.055,0.085,1,9,29,7158
NGC 4103,12 06 40,-61 15.0,0.020,0.130,0.210,7,199,421,1659
Shorlin 1,11 06 19,-61 14.6,0.016,0.045,0.070,2,16,38,5594
Hogg 16,13 29 17,-61 12.7,0.012,0.075,0.125,2,35,93,2059
DBSB 135,14 08 38,-61 10.6,0.010,0.042,0.070,1,26,48,2120
Alessi 5,10 43 19,-61 10.2,0.030,0.235,0.350,4,98,183,384
Trumpler 22,14 30 56,-61 09.9,0.020,0.080,0.150,5,61,187,1614
Ruprecht 95,11 43 39,-61 09.3,0.010,0.055,0.080,2,24,42,1634
ASCC 65,11 10 59,-61 07.5,0.020,0.120,0.220,2,55,184,1934
Collinder 236,10 57 22,-61 07.2,0.020,0.125,0.200,2,27,66,823
Loden 306,11 05 56,-61 07.2,0.020,0.095,0.180,2,26,86,1939
NGC 2609,08 29 32,-61 06.0,0.020,0.060,0.085,2,18,24,1481
ESO 129-32,11 44 11,-61 03.5,0.012,0.060,0.100,2,24,57,1560
ASCC 67,11 41 28,-61 00.6,0.025,0.110,0.220,6,82,335,1500
Hogg 8,10 29 17,-60 59.0,0.012,0.070,0.105,2,25,45,4078
NGC 5168,13 31 05,-60 56.4,0.020,0.070,0.120,5,32,76,1727
ASCC 72,12 33 05,-60 55.8,0.025,0.110,0.180,3,43,140,1229
Hogg 23,12 28 35,-60 55.5,0.015,0.055,0.100,2,22,85,1250
ASCC 68,12 02 51,-60 55.2,0.035,0.170,0.300,13,172,537,920
ASCC 64,11 03 04,-60 54.9,0.015,0.110,0.190,1,46,163,1700
Pismis 19,14 30 36,-60 53.1,0.030,0.075,0.120,17,68,109,1978
NGC 3590,11 13 02,-60 46.5,0.025,0.085,0.165,12,69,247,1660
Collinder 258,12 27 14,-60 46.5,0.020,0.100,0.195,4,96,318,1278
Hogg 12,11 12 14,-60 45.9,0.010,0.050,0.080,2,30,69,1664
NGC 2516,07 57 58,-60 45.0,0.095,0.405,0.710,41,313,698,373
Ruprecht 164,11 30 50,-60 45.0,0.020,0.090,0.150,3,28,70,1297
Hogg 7,10 29 08,-60 44.7,0.015,0.050,0.085,2,14,29,4583
ASCC 84,15 54 56,-60 44.7,0.035,0.115,0.200,10,85,206,884
Loden 694,12 53 04,-60 44.1,0.025,0.130,0.250,8,93,303,1527
MWSC 4486,19 24 00,-60 43.5,0.020,0.115,0.180,4,37,65,2228
NGC 5617,14 29 47,-60 42.9,0.025,0.085,0.145,8,65,175,1769
Teutsch 143a,11 08 46,-60 42.3,0.010,0.060,0.100,1,35,93,4231
ESO 123-26,07 52 12,-60 20.4,0.020,0.110,0.200,2,32,92,816
Loden 402,11 32 20,-60 42.3,0.015,0.115,0.180,1,43,98,1513
Loden 172,10 27 50,-60 42.0,0.020,0.125,0.180,4,52,108,1415
Loden 565,12 07 57,-60 41.4,0.020,0.125,0.185,2,45,96,703
Loden 682,12 47 13,-60 41.4,0.035,0.140,0.215,11,43,99,731
NGC 3255,10 26 39,-60 40.9,0.010,0.080,0.140,1,19,52,3162
Trumpler 18,11 11 35,-60 39.9,0.022,0.085,0.160,4,53,215,1422
Trumpler 20,12 39 45,-60 38.1,0.045,0.200,0.330,20,222,482,3311
ASCC 79,15 18 40,-60 37.8,0.050,0.280,0.510,11,203,703,871
Loden 309,11 09 43,-60 34.2,0.015,0.070,0.105,2,13,24,765
DBSB 137,14 42 02,-60 30.6,0.010,0.035,0.055,1,13,32,5276
Hogg 6,10 06 36,-60 30.0,0.010,0.060,0.110,1,21,54,1412
Teutsch 80,14 53 24,-60 29.1,0.025,0.080,0.145,16,98,249,2352
DBSB 87,13 32 51,-60 27.3,0.015,0.050,0.075,2,22,42,1791
Ruprecht 104,12 25 01,-60 26.7,0.018,0.075,0.115,5,37,81,2702
ASCC 63,10 55 55,-60 24.9,0.025,0.090,0.150,3,37,107,2686
NGC 6025,16 03 16,-60 24.0,0.020,0.190,0.345,6,192,523,763
Ruprecht 159,09 20 26,-60 23.7,0.010,0.052,0.100,2,25,93,6347
Hogg 11,11 11 37,-60 23.4,0.010,0.045,0.090,1,11,41,2554
Hogg 10,11 10 44,-60 23.1,0.018,0.067,0.110,4,30,62,1920
NGC 4755,12 53 38,-60 22.5,0.035,0.130,0.225,6,23,110,1971
DBSB 136,14 25 00,-60 22.5,0.015,0.045,0.070,10,47,93,6581
FSR 1686,14 40 17,-60 22.3,0.020,0.070,0.115,2,36,73,5405
Ruprecht 111,14 36 00,-59 58.8,0.030,0.090,0.140,18,92,187,1560
NGC 3496,10 59 37,-60 20.4,0.030,0.100,0.180,14,56,152,1359
DBSB 47,10 15 38,-60 18.6,0.017,0.050,0.075,4,13,28,1669
Trumpler 12,10 06 32,-60 18.0,0.018,0.085,0.160,3,35,103,1435
NGC 3572,11 10 25,-60 15.0,0.010,0.068,0.120,1,28,66,1997
Hogg 13,11 16 18,-60 14.7,0.020,0.055,0.085,3,14,27,2208
Sher 1,11 01 01,-60 13.8,0.015,0.035,0.045,3,8,10,5801
Loden 1010,13 45 05,-60 13.8,0.020,0.090,0.155,3,15,225,949
MWSC 4408,18 15 31,-60 12.9,0.018,0.095,0.165,4,34,82,2167
Collinder 275,13 34 32,-60 12.8,0.012,0.075,0.125,3,51,110,1952
FSR 1663,13 41 05,-60 11.8,0.010,0.045,0.095,4,34,121,1513
Trumpler 13,10 23 48,-60 08.0,0.015,0.090,0.160,1,33,108,2070
Bochum 9,10 35 42,-60 07.8,0.025,0.100,0.170,6,28,96,940
ASCC 80,15 24 45,-60 07.7,0.020,0.170,0.315,5,207,688,1281
NGC 3114,10 01 55,-60 06.6,0.040,0.205,0.345,8,180,496,944
NGC 4439,12 28 28,-60 06.6,0.025,0.075,0.125,7,45,115,1659
FSR 1721,17 48 50,-60 06.6,0.020,0.105,0.170,3,47,88,2326
Collinder 228,10 43 56,-60 05.2,0.020,0.140,0.280,2,19,111,2358
ASCC 62,10 51 04,-60 05.1,0.020,0.105,0.165,4,60,133,2322
Bochum 11,10 47 15,-60 05.0,0.040,0.125,0.195,1,10,20,2261
NGC 5043,13 16 05,-60 03.9,0.020,0.092,0.170,3,37,158,860
FSR 1680,14 28 34,-60 01.2,0.010,0.070,0.115,1,42,104,1458
MWSC 5723,19 42 05,-60 00.9,0.020,0.075,0.150,3,18,46,1195
NGC 6752,19 10 52,-59 59.1,0.050,0.220,0.420,4,83,274,4002
MWSC 4116,06 19 12,-59 58.2,0.030,0.130,0.225,5,27,73,1743
NGC 5299,13 50 26,-59 56.7,0.017,0.070,0.110,5,56,139,1847
NGC 2132,05 55 19,-59 55.2,0.010,0.130,0.245,1,13,52,1003
Pismis 17,11 01 05,-59 52.5,0.015,0.100,0.170,1,49,135,2255
Collinder 223,10 30 34,-59 51.3,0.015,0.070,0.115,5,34,89,1376
DBSB 89,14 45 02,-59 50.0,0.010,0.035,0.065,1,12,32,4069
Feinstein 1,11 06 43,-59 49.2,0.015,0.100,0.200,2,34,90,1414
Hogg 14,12 28 44,-59 48.6,0.010,0.050,0.085,2,25,55,1036
Loden 821,13 24 14,-59 48.6,0.020,0.130,0.220,5,121,277,2642
Loden 1095,13 53 37,-59 44.7,0.012,0.090,0.125,2,47,84,4028
Loden 1194,14 05 49,-59 44.7,0.020,0.110,0.180,4,37,137,673
Loden 1225,14 09 22,-59 43.5,0.025,0.130,0.210,8,193,439,1330
Trumpler 16,10 45 14,-59 43.2,0.012,0.070,0.110,1,8,14,2671
ESO 130-13,12 23 04,-59 39.9,0.020,0.125,0.205,6,130,295,1509
Pismis 21,15 16 44,-59 39.3,0.022,0.070,0.110,11,59,133,1174
NGC 5606,14 27 47,-59 37.8,0.020,0.060,0.115,7,45,126,2141
FSR 1698,15 20 58,-59 37.2,0.018,0.075,0.125,5,41,96,1562
DBSB 51,10 33 02,-59 36.9,0.010,0.035,0.060,3,20,38,3189
NGC 5381,14 00 40,-59 36.3,0.020,0.105,0.160,6,173,354,1949
NGC 4852,13 00 11,-59 35.4,0.012,0.090,0.155,3,72,187,1106
vdBergh-Hagen 155,13 57 30,-59 34.8,0.010,0.080,0.130,2,64,165,1864
Trumpler 14,10 43 55,-59 33.3,0.015,0.070,0.130,3,12,19,2248
Teutsch 106,10 59 25,-59 32.1,0.010,0.045,0.075,2,11,32,6702
ESO 130-08,12 10 19,-59 31.2,0.030,0.100,0.200,12,59,231,800
SAI 113,10 22 42,-59 29.7,0.010,0.050,0.090,3,29,78,2025
Ruprecht 113,15 57 32,-59 29.7,0.030,0.265,0.450,3,266,756,810
FSR 1689,14 46 53,-59 29.2,0.010,0.060,0.120,2,25,84,2282
Turner 6,10 59 01,-59 29.0,0.010,0.045,0.075,1,14,41,3600
ASCC 53,09 38 10,-59 27.6,0.030,0.155,0.265,13,94,278,1786
Teutsch 31,10 52 55,-59 27.6,0.012,0.060,0.085,2,28,49,2918
Ruprecht 86,10 01 44,-59 27.3,0.012,0.053,0.085,3,24,55,7173
Trumpler 15,10 44 39,-59 21.6,0.025,0.100,0.160,3,25,71,2120
Loden 1152,13 59 28,-59 19.8,0.020,0.090,0.145,10,106,275,1711
FSR 1479,07 57 38,-59 19.2,0.016,0.085,0.135,1,21,40,4055
ESO 130-06,12 07 52,-59 18.0,0.030,0.095,0.190,10,59,199,1198
DBSB 43,10 03 54,-59 17.7,0.010,0.055,0.085,2,21,41,1940
Loden 915,13 34 17,-59 17.7,0.030,0.165,0.280,5,90,265,709
FSR 1700,15 38 49,-59 15.2,0.010,0.060,0.115,1,26,70,2357
Platais 10,13 41 10,-59 13.5,0.050,0.525,1.000,5,86,329,246
Trumpler 17,10 56 28,-59 13.4,0.020,0.080,0.110,8,48,76,2194
NGC 5284,13 46 25,-59 12.0,0.020,0.140,0.210,1,61,146,1577
FSR 1470,07 22 48,-59 11.9,0.020,0.100,0.175,4,29,52,1055
FSR 1535,10 08 01,-59 11.7,0.012,0.065,0.100,3,46,90,1602
DC 5,10 39 59,-59 11.4,0.018,0.060,0.100,6,37,88,4430
Platais 8,09 07 30,-59 09.6,0.050,0.620,1.500,4,301,1377,141
ESO 134-12,14 44 47,-59 08.5,0.012,0.065,0.110,2,46,98,2088
vdBergh-Hagen 99,10 37 52,-59 07.5,0.020,0.175,0.340,1,67,204,517
Bochum 10,10 42 27,-59 06.9,0.020,0.110,0.180,5,51,118,2017
Loden 280,11 09 49,-59 06.0,0.010,0.035,0.060,1,8,16,5246
Pismis 20,15 15 23,-59 04.0,0.015,0.050,0.085,5,25,76,1501
Hogg 9,10 58 25,-59 03.2,0.010,0.045,0.070,1,12,21,1751
Basel 17,11 10 32,-59 02.0,0.025,0.075,0.125,9,30,70,1697
NGC 5138,13 27 11,-59 01.8,0.020,0.070,0.140,4,37,95,1819
DBSB 50,10 13 40,-59 01.3,0.010,0.045,0.070,2,18,52,1634
Ruprecht 167,14 18 22,-58 59.3,0.020,0.130,0.200,7,140,335,1609
FSR 1651,13 25 32,-58 59.1,0.020,0.090,0.157,8,82,226,3602
ASCC 86,17 02 15,-58 58.2,0.040,0.300,0.500,7,181,466,738
DBSB 64,11 24 34,-58 57.0,0.020,0.080,0.125,2,39,101,5254
Stock 13,11 12 59,-58 52.8,0.012,0.075,0.145,1,18,76,1577
FSR 1713,16 44 52,-58 51.6,0.020,0.060,0.090,3,21,47,4935
ASCC 74,13 35 49,-58 48.6,0.015,0.100,0.180,2,27,77,550
Loden 143,10 28 53,-58 48.3,0.040,0.170,0.300,3,63,202,619
Loden 2045,15 10 34,-58 46.2,0.020,0.090,0.160,5,74,232,2056
Carraro 1,10 36 56,-58 45.0,0.015,0.055,0.085,2,13,29,1789
Loden 165,10 35 56,-58 44.0,0.010,0.060,0.115,1,28,75,1330
NGC 3532,11 05 49,-58 43.8,0.030,0.200,0.425,2,109,392,454
FSR 1657,13 30 02,-58 43.8,0.016,0.070,0.115,6,54,134,5409
FSR 1682,14 29 11,-58 42.6,0.015,0.105,0.180,7,147,370,1388
Loden 1202,14 04 24,-58 42.0,0.010,0.070,0.110,1,37,84,1063
vdBergh-Hagen 91,10 16 59,-58 41.7,0.015,0.105,0.150,2,36,79,749
NGC 3324,10 37 19,-58 38.1,0.017,0.080,0.150,2,7,19,2361
vdBergh-Hagen 118,11 22 30,-58 31.8,0.020,0.075,0.115,5,19,41,1221
ESO 139-54,18 04 37,-58 31.5,0.022,0.080,0.115,6,24,43,985
FSR 1580,11 27 45,-58 30.6,0.012,0.060,0.100,3,14,38,2511
ASCC 60,10 33 09,-58 28.9,0.020,0.090,0.170,5,53,172,1122
Loden 372,11 30 54,-58 28.8,0.016,0.060,0.110,3,16,50,1208
Ruprecht 108,13 32 13,-58 27.9,0.020,0.100,0.170,3,67,144,935
DBSB 139,15 10 01,-58 25.6,0.015,0.037,0.062,6,18,49,1950
Ruprecht 103,12 16 55,-58 25.0,0.012,0.070,0.115,4,39,79,1298
FSR 1625,12 40 48,-58 24.6,0.025,0.115,0.195,5,50,131,2269
Loden 480,11 55 37,-58 23.4,0.020,0.080,0.140,8,53,155,1305
Loden 1171,13 59 22,-58 23.0,0.018,0.085,0.145,1,20,68,789
Lynga 3,15 16 50,-58 20.4,0.015,0.060,0.105,7,53,154,4164
DBSB 140,15 10 03,-58 17.2,0.012,0.050,0.075,2,34,62,1535
Loden 2158,15 35 04,-58 16.5,0.012,0.100,0.140,3,82,149,6206
Ruprecht 90,10 31 44,-58 15.0,0.011,0.085,0.140,5,54,114,2682
ESO 128-16,10 53 40,-58 14.7,0.030,0.110,0.160,4,42,91,973
NGC 3293,10 35 49,-58 13.8,0.020,0.085,0.135,10,73,128,2441
vdBergh-Hagen 84,10 01 21,-58 12.9,0.012,0.060,0.095,3,39,77,1282
ESO 129-19,11 21 09,-58 12.9,0.020,0.060,0.107,4,14,42,1791
Loden 1378,14 30 07,-58 12.9,0.025,0.095,0.150,11,83,220,1346
ESO 139-13,17 37 50,-58 08.7,0.025,0.100,0.150,5,45,102,1500
Ruprecht 89,10 28 26,-58 08.1,0.012,0.085,0.155,1,32,89,750
Loden 2159,15 33 40,-58 08.1,0.020,0.085,0.140,7,70,168,6111
Loden 153,10 34 41,-58 07.8,0.012,0.065,0.100,2,17,42,3015
Loden 28,10 03 13,-58 07.5,0.010,0.077,0.130,1,8,17,3973
FSR 1674,14 06 38,-58 07.2,0.025,0.090,0.155,7,63,194,3057
NGC 4337,12 24 00,-58 07.0,0.025,0.110,0.185,7,48,97,2874
vdBergh-Hagen 90,10 12 11,-58 03.6,0.012,0.060,0.105,2,42,107,1928
DBSB 45,10 19 10,-58 02.7,0.010,0.032,0.060,2,7,23,3492
DBSB 48,10 31 29,-58 02.0,0.014,0.070,0.100,2,20,36,6057
NGC 6087,16 18 50,-57 56.4,0.050,0.170,0.320,17,119,379,889
Collinder 220,10 25 52,-57 54.9,0.020,0.095,0.140,5,86,175,1465
ESO 141-47,19 18 15,-57 54.0,0.020,0.085,0.145,2,19,40,2974
Loden 1177,13 59 06,-57 52.5,0.020,0.078,0.140,5,46,157,4167
ESO 131-09,12 29 37,-57 51.9,0.020,0.070,0.145,7,34,108,2255
Loden 1289,14 14 13,-57 51.6,0.015,0.090,0.140,3,65,161,1753
NGC 1252,03 10 48,-57 45.6,0.020,0.120,0.250,1,9,29,944
Westerlund 2,10 23 56,-57 45.6,0.015,0.050,0.075,1,21,51,4469
DBSB 40,10 01 19,-57 42.3,0.010,0.040,0.060,2,6,10,1358
DBSB 92,15 03 36,-57 40.8,0.020,0.050,0.100,3,24,87,1963
ASCC 59,10 20 28,-57 40.5,0.040,0.200,0.330,6,96,219,509
FSR 1696,15 01 12,-57 39.9,0.015,0.070,0.115,2,45,116,1148
IC 2581,10 27 36,-57 38.4,0.020,0.100,0.165,4,107,282,2221
Collinder 292,15 50 02,-57 38.3,0.020,0.110,0.170,4,65,141,1106
FSR 1583,11 31 40,-57 37.4,0.010,0.065,0.120,1,28,66,1639
NGC 5715,14 43 30,-57 34.0,0.015,0.060,0.115,4,48,126,1490
FSR 1524,10 00 00,-57 33.3,0.012,0.070,0.120,4,32,100,2541
Trumpler 19,11 14 15,-57 32.1,0.025,0.140,0.215,6,109,210,1968
IRAS 15015-5720,15 05 18,-57 31.7,0.010,0.030,0.058,0,9,33,3391
MWSC 4349,17 27 02,-57 31.5,0.018,0.085,0.150,4,29,84,3210
Ruprecht 91,10 47 38,-57 28.2,0.020,0.090,0.135,1,19,61,1095
NGC 6005,15 55 59,-57 26.4,0.012,0.070,0.130,3,17,45,1802
DBSB 46,10 29 28,-57 25.5,0.010,0.025,0.058,4,6,34,2565
FSR 1527,10 06 32,-57 24.8,0.010,0.045,0.085,1,22,51,3258
FSR 1621,12 39 23,-57 22.8,0.020,0.075,0.145,6,27,92,1015
FSR 1530,10 08 58,-57 17.1,0.018,0.060,0.095,1,16,40,4153
FSR 1620,12 37 35,-57 15.6,0.012,0.075,0.125,2,25,65,2304
MWSC 4119,07 06 04,-57 13.8,0.025,0.130,0.205,3,37,79,2347
FSR 1608,12 21 14,-57 11.1,0.018,0.075,0.140,5,47,129,7354
FSR 1718,16 38 04,-57 05.7,0.020,0.050,0.070,8,15,25,2466
ASCC 55,09 54 00,-57 04.6,0.020,0.145,0.275,7,154,504,970
DBSB 125,09 59 24,-57 04.2,0.010,0.052,0.077,1,20,42,2817
IC 2488,09 27 40,-57 00.0,0.040,0.120,0.225,21,115,372,1138
FSR 1701,15 28 26,-56 59.8,0.010,0.068,0.100,1,18,43,1505
Turner 7,14 32 15,-56 53.7,0.020,0.075,0.115,7,98,221,6955
ESO 175-06,14 18 47,-56 53.4,0.020,0.110,0.195,6,32,126,586
Ruprecht 114,16 06 20,-56 52.0,0.015,0.075,0.125,1,29,61,2088
ASCC 61,10 46 10,-56 50.4,0.015,0.085,0.150,6,35,111,1702
FSR 1569,11 20 22,-56 49.0,0.012,0.055,0.095,3,12,26,3336
FSR 1602,12 13 52,-56 47.1,0.012,0.075,0.125,2,34,68,3330
Loden 89,10 29 19,-56 46.8,0.020,0.108,0.185,3,41,110,626
Loden 112,10 32 20,-56 41.7,0.035,0.100,0.145,9,64,141,2430
DBSB 93,15 18 52,-56 39.6,0.017,0.055,0.100,4,24,80,2049
Lynga 5,15 41 54,-56 39.0,0.020,0.100,0.160,7,126,282,1753
FSR 1521,09 55 19,-56 36.9,0.012,0.075,0.140,3,54,170,1499
NGC 5662,14 35 35,-56 36.9,0.025,0.135,0.245,4,70,251,625
Loden 27,10 11 02,-56 35.2,0.018,0.075,0.115,6,47,100,2628
vdBergh-Hagen 78,09 43 48,-56 33.9,0.010,0.035,0.052,2,27,39,9763
FSR 1697,15 06 42,-56 31.0,0.020,0.062,0.105,10,52,128,912
NGC 5999,15 52 10,-56 28.0,0.010,0.055,0.100,2,13,42,1629
Basel 20,09 30 59,-56 25.8,0.018,0.080,0.140,5,51,171,1380
Ruprecht 165,12 28 26,-56 25.8,0.012,0.060,0.090,2,16,35,2082
NGC 3033,09 48 31,-56 25.5,0.013,0.080,0.125,3,42,107,1020
vdBergh-Hagen 92,10 19 07,-56 25.4,0.015,0.070,0.120,4,64,178,1282
Loden 189,10 50 28,-56 25.2,0.030,0.155,0.265,7,91,222,819
DBSB 141,15 28 35,-56 22.5,0.010,0.035,0.060,4,21,52,5240
FSR 1648,13 19 47,-56 21.1,0.012,0.075,0.140,1,29,111,1050
Ruprecht 75,09 21 55,-56 19.0,0.018,0.045,0.085,3,11,34,4405
Hogg 2,09 51 36,-56 18.6,0.020,0.050,0.075,3,16,31,1819
vdBergh-Hagen 58,09 10 12,-56 15.7,0.018,0.035,0.070,4,7,26,2398
FSR 1507,09 33 56,-56 14.9,0.012,0.055,0.105,3,22,80,1445
FSR 1649,13 19 37,-56 10.8,0.020,0.070,0.125,8,55,134,7086
FSR 1531,10 18 59,-56 10.2,0.017,0.050,0.085,5,24,57,2710
FSR 1610,12 24 16,-56 09.9,0.018,0.075,0.125,6,55,120,4640
FSR 1688,14 34 37,-56 06.9,0.025,0.075,0.115,8,37,73,1469
ESO 165-09,09 05 24,-55 56.3,0.020,0.110,0.160,2,32,55,656
Schuster 1,10 04 36,-55 51.4,0.010,0.045,0.077,2,20,37,1863
Loden 1,10 05 14,-55 48.3,0.012,0.067,0.093,2,40,69,786
FSR 1513,09 48 36,-55 47.4,0.010,0.075,0.140,3,70,231,1685
NGC 3960,11 50 38,-55 40.2,0.035,0.100,0.170,13,58,131,1884
NGC 5823,15 05 31,-55 35.7,0.012,0.065,0.110,3,71,161,1189
ASCC 66,11 13 34,-55 26.4,0.025,0.120,0.200,4,63,175,1032
vdBergh-Hagen 87,10 04 34,-55 24.6,0.010,0.065,0.120,3,48,167,1671
Lynga 7,16 11 03,-55 18.8,0.020,0.060,0.095,1,22,56,8785
Saurer 3,10 41 25,-55 18.0,0.010,0.065,0.110,1,27,57,7075
Lynga 4,15 33 20,-55 14.4,0.035,0.100,0.195,23,105,327,1369
NGC 1261,03 12 16,-55 13.0,0.030,0.085,0.145,0,15,23,16298
FSR 1536,10 31 35,-55 09.0,0.010,0.060,0.110,2,35,78,4569
Ruprecht 77,09 27 11,-55 07.4,0.020,0.075,0.140,3,15,28,4089
NGC 4230,12 17 20,-55 07.2,0.020,0.090,0.135,3,19,33,2630
FSR 1509,09 48 01,-55 04.0,0.025,0.060,0.100,16,54,105,2209
Ruprecht 85,10 01 41,-55 00.9,0.020,0.065,0.100,6,44,90,1286
FSR 1703,15 41 58,-54 58.8,0.012,0.060,0.115,3,17,61,1330
ASCC 58,10 15 02,-54 58.2,0.050,0.175,0.310,12,49,149,564
Harvard 10,16 18 56,-54 55.2,0.055,0.195,0.380,19,181,711,1441
Loden 46,10 23 11,-54 50.4,0.020,0.070,0.125,3,23,69,1184
FSR 1517,09 57 00,-54 49.1,0.018,0.052,0.105,8,21,92,6643
NGC 5593,14 25 37,-54 48.0,0.025,0.075,0.135,7,41,129,808
NGC 3105,10 00 43,-54 46.8,0.010,0.068,0.120,1,21,51,10301
vdBergh-Hagen 66,09 25 21,-54 43.5,0.010,0.045,0.080,1,15,45,5664
vdBergh-Hagen 75,09 34 43,-54 42.0,0.010,0.075,0.118,2,72,133,5984
Hogg 4,09 57 52,-54 37.5,0.010,0.060,0.095,5,28,60,1772
Ruprecht 83,09 49 19,-54 36.7,0.015,0.060,0.090,8,98,194,6020
Loden 2115,15 07 43,-54 31.3,0.020,0.110,0.190,9,143,423,1434
NGC 5925,15 27 34,-54 31.0,0.020,0.080,0.135,7,58,143,1555
FSR 1518,09 59 31,-54 30.6,0.010,0.060,0.100,1,31,78,1819
NGC 5749,14 48 47,-54 29.1,0.015,0.120,0.210,4,112,317,1014
Teutsch 44,10 21 27,-54 26.7,0.010,0.050,0.085,2,30,84,5877
ASCC 54,09 44 47,-54 26.1,0.025,0.110,0.180,9,89,227,1751
NGC 5822,15 04 28,-54 23.4,0.030,0.300,0.550,8,568,1817,794
FSR 1709,15 57 29,-54 22.5,0.020,0.095,0.150,5,51,127,1893
vdBergh-Hagen 106,10 52 38,-54 15.9,0.010,0.075,0.125,2,27,68,3137
ASCC 52,09 27 59,-54 15.0,0.020,0.075,0.140,3,40,155,2200
NGC 6067,16 13 12,-54 13.2,0.030,0.135,0.235,10,121,285,1793
FSR 1646,13 16 28,-54 12.0,0.020,0.070,0.120,8,50,123,4784
Moffat 1,16 01 30,-54 07.0,0.020,0.060,0.100,4,26,87,2120
NGC 3330,10 38 46,-54 06.9,0.015,0.085,0.145,5,51,132,1250
Loden 59,10 30 16,-54 02.4,0.010,0.085,0.140,1,15,32,570
NGC 6031,16 07 39,-54 01.1,0.018,0.080,0.140,6,58,146,1278
Ruprecht 82,09 45 45,-53 58.1,0.015,0.052,0.085,7,33,76,2228
DBSB 94,15 42 18,-53 57.6,0.018,0.045,0.075,4,14,36,2422
FSR 1500,09 37 54,-53 57.2,0.010,0.037,0.067,2,12,46,1380
FSR 1440,07 23 37,-53 56.8,0.020,0.100,0.205,3,30,91,1631
ESO 166-04,09 10 30,-53 53.4,0.012,0.077,0.143,2,36,90,978
ESO 168-04,10 30 56,-53 51.9,0.018,0.060,0.100,2,28,72,3084
MWSC 5701,18 49 34,-53 51.6,0.012,0.075,0.130,3,26,53,1467
Ruprecht 79,09 40 55,-53 51.0,0.020,0.090,0.155,4,66,192,1991
FSR 1561,11 18 34,-53 47.4,0.018,0.105,0.160,2,58,97,3280
FSR 1716,16 10 41,-53 45.0,0.025,0.085,0.160,10,38,125,2396
NGC 6208,16 49 23,-53 42.9,0.030,0.140,0.210,5,76,176,926
Ruprecht 78,09 29 02,-53 42.6,0.010,0.075,0.125,2,37,115,1706
FSR 1690,14 32 20,-53 42.0,0.020,0.075,0.120,5,48,115,1850
MWSC 4410,18 17 02,-53 41.4,0.025,0.120,0.195,9,79,192,2202
Harvard 9,15 33 50,-53 40.8,0.010,0.070,0.120,2,63,153,1478
NGC 6397,17 40 42,-53 40.4,0.040,0.255,0.405,31,187,314,2301
Trumpler 23,16 00 52,-53 32.0,0.012,0.100,0.165,2,55,120,2194
FSR 1556,11 09 11,-53 30.0,0.025,0.060,0.105,6,17,45,3708
NGC 2925,09 33 09,-53 22.3,0.030,0.125,0.270,3,58,270,774
vdBergh-Hagen 79,09 44 08,-53 19.5,0.018,0.085,0.170,9,68,235,10270
FSR 1652,13 21 49,-53 14.3,0.020,0.095,0.150,5,66,139,1213
Miller 1,09 25 41,-53 13.5,0.010,0.042,0.065,2,9,22,2792
DBSB 149,15 54 09,-53 10.8,0.015,0.028,0.045,6,14,33,4204
Pismis 16,09 51 15,-53 10.4,0.010,0.045,0.075,3,22,55,1949
DBSB 39,09 24 25,-53 08.2,0.010,0.040,0.060,0,21,36,1864
FSR 1729,16 56 25,-53 04.3,0.015,0.075,0.115,1,41,78,1629
vdBergh-Hagen 72,09 31 23,-53 02.1,0.015,0.065,0.090,5,48,78,2032
IC 2391,08 40 16,-53 01.7,0.060,0.485,0.775,1,67,139,165
ASCC 42,07 52 34,-52 59.7,0.025,0.125,0.210,4,39,98,792
NGC 2669,08 46 28,-52 56.4,0.025,0.140,0.275,7,146,442,1057
SAI 108,09 38 53,-52 56.1,0.025,0.075,0.125,5,41,99,3010
NGC 2910,09 30 29,-52 55.5,0.015,0.080,0.125,5,77,168,1882
Teutsch 48,09 20 33,-52 49.6,0.017,0.045,0.080,4,22,67,6501
ASCC 83,15 50 04,-52 47.4,0.020,0.100,0.170,3,62,175,619
Pismis 14,09 29 53,-52 46.8,0.015,0.055,0.100,6,39,114,1775
FSR 1478,09 00 08,-52 42.7,0.015,0.068,0.110,3,35,87,1976
NGC 6253,16 59 05,-52 42.0,0.025,0.100,0.180,12,107,255,1511
NGC 5764,14 53 33,-52 40.4,0.018,0.070,0.150,6,61,208,2681
NGC 6152,16 32 42,-52 38.4,0.035,0.110,0.190,8,68,170,1031
DBSB 153,16 07 38,-52 31.8,0.012,0.050,0.090,2,14,33,6497
FSR 1712,15 54 43,-52 28.8,0.025,0.085,0.170,8,78,306,1137
Loden 2326,15 43 39,-52 28.2,0.020,0.070,0.110,8,58,133,1390
Loden 2313,15 40 57,-52 27.6,0.025,0.100,0.185,7,114,357,1076
Ruprecht 115,16 12 58,-52 25.6,0.025,0.090,0.140,4,36,89,1948
Johansson 1,15 46 15,-52 22.7,0.020,0.195,0.300,5,374,923,869
Teutsch 66,09 33 35,-52 22.5,0.020,0.067,0.100,5,28,50,4635
Hogg 18,14 50 42,-52 16.2,0.015,0.085,0.160,6,68,223,1535
FSR 1560,11 21 59,-52 15.3,0.020,0.115,0.165,2,53,88,3001
DBSB 154,16 09 29,-52 15.0,0.010,0.042,0.060,2,22,42,2087
NGC 6584,18 18 37,-52 13.0,0.035,0.085,0.155,3,26,105,13501
DBSB 155,16 10 12,-52 08.1,0.010,0.030,0.055,3,19,49,2186
FSR 1496,09 42 59,-52 07.0,0.010,0.060,0.090,4,29,56,2290
ESO 211-01,08 47 13,-52 03.9,0.012,0.065,0.125,2,25,74,3413
DBSB 156,16 12 15,-52 02.8,0.010,0.040,0.075,1,21,76,2031
Ruprecht 116,16 23 24,-52 00.0,0.018,0.070,0.130,2,19,62,895
FSR 1485,09 22 03,-51 58.0,0.012,0.070,0.100,3,64,107,1187
Ruprecht 118,16 24 43,-51 56.4,0.020,0.075,0.140,2,19,69,974
Lynga 6,16 04 53,-51 55.5,0.018,0.065,0.125,9,56,170,1771
NGC 5800,15 01 47,-51 55.0,0.012,0.075,0.140,3,52,198,4844
Ruprecht 117,16 23 26,-51 52.8,0.018,0.052,0.080,3,8,25,937
Pismis 22,16 14 13,-51 51.9,0.015,0.060,0.130,2,17,50,2023
ESO 236-07,21 21 58,-51 51.9,0.035,0.165,0.235,3,25,50,2933
DBSB 157,16 12 20,-51 46.3,0.015,0.065,0.120,2,18,44,3917
MWSC 4429,18 35 35,-51 44.7,0.025,0.155,0.290,4,120,315,2051
NGC 3228,10 21 25,-51 43.8,0.010,0.110,0.180,1,24,53,573
ESO 229-02,17 59 40,-51 41.7,0.025,0.085,0.140,4,33,91,2362
Ruprecht 76,09 24 16,-51 39.6,0.012,0.060,0.120,4,38,136,1332
vdBergh-Hagen 88,10 06 16,-51 35.7,0.010,0.067,0.120,3,46,134,5823
FSR 1740,17 49 17,-51 32.7,0.020,0.095,0.170,8,46,144,3066
DBSB 158,16 11 11,-51 31.5,0.018,0.065,0.115,9,52,135,2434
Ruprecht 119,16 28 12,-51 30.6,0.020,0.085,0.130,3,53,107,1105
ESO 231-30,19 17 02,-51 28.8,0.018,0.115,0.165,2,35,65,3276
DBSB 144,16 12 10,-51 28.5,0.010,0.040,0.060,3,27,61,7362
FSR 1604,12 21 52,-51 28.2,0.020,0.100,0.165,3,55,137,3414
NGC 5286,13 46 27,-51 22.4,0.040,0.110,0.185,1,44,139,11711
Ruprecht 176,16 14 38,-51 20.0,0.010,0.053,0.085,2,13,30,2686
vdBergh-Hagen 67,09 26 44,-51 16.4,0.015,0.080,0.135,5,82,226,6501
Alessi 8,15 29 28,-51 15.3,0.020,0.140,0.260,3,63,200,715
MWSC 5670,07 03 25,-51 12.3,0.011,0.075,0.125,1,24,52,1682
FSR 1489,09 33 16,-51 11.7,0.015,0.060,0.115,4,36,104,1211
ESO 226-06,16 24 16,-51 09.3,0.010,0.038,0.080,4,20,73,1220
Ruprecht 106,12 38 40,-51 09.0,0.010,0.045,0.075,1,11,25,21213
NGC 2866,09 22 07,-51 06.0,0.015,0.045,0.100,5,28,92,2600
DBSB 104,17 03 59,-51 05.4,0.013,0.060,0.110,4,27,65,813
FSR 1447,08 11 33,-51 01.2,0.010,0.060,0.090,1,20,39,2549
ASCC 81,15 46 46,-50 59.7,0.025,0.100,0.160,7,108,270,850
Collinder 307,16 35 20,-50 59.4,0.016,0.070,0.115,7,84,218,2065
FSR 1446,08 10 52,-50 59.1,0.020,0.050,0.100,7,17,49,2434
Mamajek 4,18 26 08,-50 57.3,0.090,0.435,0.550,5,83,124,386
Collinder 213,09 54 43,-50 55.5,0.020,0.100,0.160,5,94,193,1464
Ruprecht 73,09 01 10,-50 55.0,0.010,0.040,0.075,3,13,43,1621
DBSB 100,16 20 26,-50 54.4,0.015,0.042,0.060,2,22,44,2240
DBSB 161,16 17 05,-50 47.5,0.010,0.043,0.070,1,27,72,6353
SAI 109,09 43 37,-50 47.0,0.010,0.065,0.090,1,27,50,5246
Lynga 12,16 46 03,-50 44.4,0.025,0.090,0.150,10,96,235,1872
DBSB 159,16 06 23,-50 43.5,0.010,0.045,0.065,1,59,111,3358
Ruprecht 87,10 15 29,-50 42.6,0.015,0.045,0.080,4,15,32,5254
DBSB 162,16 20 28,-50 41.7,0.010,0.028,0.045,3,14,43,5523
FSR 1484,09 29 47,-50 40.9,0.012,0.060,0.100,4,55,130,1847
NGC 5927,15 28 01,-50 40.4,0.045,0.110,0.200,4,50,182,7699
FSR 1673,13 50 08,-50 40.0,0.018,0.080,0.120,4,23,38,2154
NGC 5946,15 35 29,-50 39.6,0.025,0.060,0.120,1,18,54,10596
FSR 1714,15 49 26,-50 36.2,0.025,0.100,0.170,11,136,369,1608
ASCC 44,08 01 55,-50 34.8,0.015,0.157,0.240,3,57,102,553
Hogg 1,09 40 33,-50 34.8,0.010,0.055,0.095,4,18,58,1594
DBSB 99,16 13 01,-50 23.4,0.020,0.065,0.120,5,27,88,2867
NGC 2972,09 40 14,-50 19.5,0.018,0.060,0.110,3,34,93,1778
DBSB 163,16 18 43,-50 19.0,0.010,0.045,0.080,2,28,95,1258
ESO 211-09,09 16 44,-50 17.0,0.012,0.038,0.075,5,21,53,2153
FSR 1498,09 56 24,-50 16.2,0.015,0.075,0.115,4,38,64,4936
ESO 211-03,08 51 36,-50 14.7,0.010,0.075,0.155,4,55,160,4269
Lynga 8,16 20 04,-50 13.0,0.010,0.037,0.075,4,12,47,1338
vdBergh-Hagen 73,09 31 52,-50 12.9,0.018,0.060,0.105,4,55,120,2269
FSR 1715,15 48 40,-50 12.9,0.015,0.050,0.075,5,35,75,1423
DBSB 164,16 19 25,-50 09.0,0.012,0.035,0.060,3,18,36,2053
FSR 1725,16 30 25,-50 07.5,0.016,0.065,0.115,5,46,137,1623
vdBergh-Hagen 176,15 39 05,-50 03.1,0.020,0.060,0.100,1,11,33,18887
SAI 91,08 37 01,-50 02.4,0.010,0.065,0.115,1,20,55,3330
Pismis 11,09 15 53,-50 00.6,0.020,0.045,0.077,10,20,38,4767
DBSB 166,16 21 31,-50 00.6,0.016,0.035,0.050,9,20,56,5366
IC 4651,17 24 54,-49 56.1,0.020,0.160,0.240,6,183,325,888
MWSC 4545,20 07 50,-49 51.6,0.022,0.125,0.225,4,32,87,1070
DBSB 102,16 15 01,-49 51.0,0.018,0.040,0.060,7,27,44,4362
NGC 6167,16 34 41,-49 47.1,0.025,0.120,0.210,11,156,471,1216
FSR 1676,14 00 18,-49 45.9,0.012,0.095,0.145,3,54,120,4570
FSR 1727,16 29 49,-49 45.1,0.030,0.085,0.140,14,50,106,1201
FSR 1474,09 14 40,-49 44.7,0.010,0.060,0.100,2,23,44,1079
DBSB 170,16 28 59,-49 36.2,0.010,0.040,0.075,2,9,17,5163
vdBergh-Hagen 85,10 01 52,-49 35.1,0.020,0.090,0.120,2,41,62,2795
DBSB 167,16 23 26,-49 32.7,0.018,0.035,0.055,5,14,36,4076
FSR 1719,15 53 46,-49 30.6,0.010,0.060,0.110,4,43,125,1113
FSR 1732,16 55 07,-49 19.5,0.018,0.070,0.140,5,48,178,3584
vdBergh-Hagen 63,09 20 39,-49 13.0,0.015,0.060,0.105,10,26,66,4131
NGC 2547,08 09 55,-49 12.3,0.020,0.130,0.300,4,38,174,361
FSR 1695,14 33 38,-49 09.9,0.018,0.070,0.115,3,27,60,1667
NGC 6134,16 27 49,-49 09.3,0.020,0.115,0.220,7,166,433,892
Hogg 19,16 29 02,-49 05.8,0.016,0.060,0.120,6,38,162,898
DBSB 101,16 10 34,-49 00.8,0.020,0.065,0.115,3,43,130,1076
Collinder 205,09 00 32,-48 59.4,0.010,0.070,0.140,2,48,131,1458
Pismis 23,16 23 58,-48 53.7,0.018,0.050,0.075,4,24,41,2820
NGC 2670,08 45 34,-48 49.2,0.018,0.070,0.110,4,38,80,1294
DBSB 103,16 40 03,-48 46.6,0.010,0.045,0.065,1,14,16,1449
NGC 6193,16 41 22,-48 45.3,0.020,0.135,0.230,5,82,205,1158
Lynga 9,16 20 41,-48 31.0,0.010,0.055,0.100,3,40,110,1704
FSR 1454,08 51 07,-48 28.6,0.010,0.045,0.085,4,24,56,2187
FSR 1609,12 27 52,-48 28.5,0.020,0.065,0.115,4,22,52,4467
ASCC 46,08 16 23,-48 28.2,0.018,0.100,0.190,3,43,129,899
NGC 6352,17 25 29,-48 25.3,0.035,0.120,0.220,1,55,187,5610
NGC 5460,14 07 34,-48 19.8,0.040,0.220,0.380,5,96,272,652
Ruprecht 120,16 35 10,-48 18.0,0.020,0.060,0.115,4,22,75,1476
Ruprecht 63,08 32 38,-48 17.7,0.010,0.070,0.120,2,27,69,4829
NGC 3909,11 50 06,-48 12.6,0.025,0.110,0.170,8,53,103,1792
IC 2395,08 42 36,-48 08.0,0.010,0.100,0.230,2,45,159,701
Harvard 13,17 03 51,-48 05.0,0.020,0.075,0.110,5,40,84,3612
FSR 1468,09 11 47,-48 04.2,0.018,0.070,0.125,4,30,79,1005
Pismis 15,09 34 45,-48 01.8,0.020,0.095,0.150,8,90,155,2558
DBSB 36,09 16 48,-47 56.7,0.015,0.070,0.130,1,10,18,748
FSR 1452,08 53 19,-47 55.2,0.015,0.055,0.115,5,19,72,2070
FSR 1400,07 29 22,-47 51.2,0.015,0.065,0.115,2,23,48,2290
FSR 1460,09 07 39,-47 49.5,0.018,0.090,0.170,10,101,253,1285
DBSB 34,09 03 11,-47 49.0,0.010,0.035,0.065,1,6,16,1736
FSR 1419,08 18 59,-47 48.0,0.010,0.075,0.115,2,19,30,7746
Hogg 21,16 45 36,-47 44.8,0.015,0.070,0.120,4,36,80,1750
Muzzio 1,08 57 58,-47 41.7,0.010,0.100,0.180,2,57,111,1394
ESO 260-06,08 46 17,-47 41.1,0.010,0.060,0.115,1,17,53,1211
Melotte 66,07 26 12,-47 40.1,0.020,0.115,0.205,4,91,195,4487
Hogg 20,16 44 33,-47 39.3,0.012,0.085,0.140,3,31,70,1777
Ruprecht 69,08 44 29,-47 34.2,0.015,0.055,0.110,4,21,65,2010
NGC 5139,13 26 47,-47 28.8,0.100,0.450,0.825,10,580,1717,5199
DBSB 35,09 15 10,-47 27.9,0.010,0.060,0.120,1,14,35,1678
NGC 6200,16 44 10,-47 27.9,0.025,0.135,0.240,4,59,186,2214
FSR 1443,08 39 27,-47 21.4,0.012,0.080,0.165,3,44,193,1864
FSR 1471,09 24 11,-47 20.4,0.018,0.065,0.115,4,52,112,1966
Patchick 94,16 29 36,-47 18.0,0.012,0.040,0.065,5,26,60,3178
DBSB 169,16 38 51,-47 17.6,0.010,0.040,0.070,1,8,16,6667
Ruprecht 60,08 24 26,-47 12.0,0.010,0.075,0.120,1,18,43,5739
NGC 2660,08 42 40,-47 11.8,0.010,0.060,0.115,2,23,65,2817
Alessi 9,17 45 11,-47 11.1,0.050,0.615,0.890,3,179,359,218
FSR 1739,17 03 16,-47 09.1,0.020,0.060,0.100,7,39,111,1054
FSR 1441,08 39 29,-47 06.0,0.010,0.075,0.125,1,42,93,1659
Hogg 22,16 46 37,-47 05.4,0.010,0.045,0.075,2,21,52,2799
DBSB 171,16 38 08,-47 04.7,0.012,0.040,0.075,3,8,14,6764
ESO 261-03,09 11 19,-47 03.6,0.010,0.070,0.145,3,59,191,1063
FSR 1735,16 52 12,-47 03.3,0.010,0.035,0.060,1,6,10,8831
ESO 260-07,08 48 00,-47 01.8,0.015,0.070,0.125,4,31,91,1876
Ruprecht 160,09 56 20,-47 01.8,0.020,0.060,0.110,5,28,72,2187
NGC 6204,16 46 08,-47 01.2,0.020,0.075,0.145,8,60,144,1085
FSR 1491,09 59 55,-46 59.1,0.020,0.077,0.130,5,25,62,2234
Ruprecht 71,08 49 21,-46 52.7,0.015,0.095,0.155,4,86,192,1300
NGC 2932,09 35 28,-46 48.6,0.018,0.080,0.140,4,29,95,2919
ESO 258-01,07 45 38,-46 42.6,0.015,0.060,0.105,4,10,24,1031
Alessi 3,07 16 12,-46 37.0,0.020,0.170,0.440,1,18,78,311
Teutsch 103,09 28 37,-46 36.0,0.020,0.055,0.090,4,31,80,2663
FSR 1613,12 31 53,-46 28.6,0.015,0.110,0.170,2,42,98,1965
MWSC 4498,19 32 01,-46 26.1,0.020,0.095,0.155,4,34,72,1537
ESO-SC06,18 09 06,-46 25.0,0.020,0.035,0.065,3,11,30,21395
NGC 3201,10 17 37,-46 24.7,0.040,0.160,0.240,0,58,131,4904
FSR 1450,08 58 25,-46 18.2,0.018,0.060,0.115,7,46,131,1379
Lynga 11,16 38 08,-46 17.7,0.015,0.050,0.085,1,16,32,4101
SAI 94,08 44 41,-46 17.1,0.010,0.047,0.090,2,18,47,3886
MWSC 5705,19 06 53,-46 16.3,0.020,0.065,0.120,3,17,54,1861
Pismis 8,08 41 39,-46 16.0,0.015,0.060,0.115,5,43,122,1363
Pismis 6,08 39 04,-46 14.1,0.020,0.105,0.180,7,111,276,1668
Ruprecht 121,16 41 47,-46 09.0,0.025,0.140,0.240,3,98,234,1239
Waterloo 6,08 40 23,-46 08.0,0.010,0.040,0.070,1,10,16,2256
ESO 260-17,09 04 45,-46 02.1,0.015,0.055,0.115,4,25,80,1808
FSR 1429,08 37 38,-46 01.0,0.010,0.065,0.090,1,18,37,3371
FSR 1723,15 55 07,-46 00.6,0.030,0.085,0.155,17,71,182,1513
Bochum 7,08 44 46,-45 58.8,0.015,0.085,0.190,2,10,39,6059
NGC 6250,16 57 58,-45 57.0,0.035,0.160,0.255,17,148,382,940
FSR 1573,11 44 04,-45 55.5,0.015,0.110,0.170,2,36,74,2020
ESO 245-09,01 53 43,-45 55.2,0.025,0.230,0.370,1,27,51,1380
DBSB 108,17 11 19,-45 54.0,0.015,0.045,0.060,3,10,21,1620
vdBergh-Hagen 197,16 46 30,-45 51.0,0.015,0.060,0.085,3,23,34,2069
Westerlund 1,16 47 04,-45 50.0,0.012,0.050,0.085,2,10,13,7686
FSR 1464,09 21 47,-45 45.6,0.015,0.053,0.115,6,24,89,2220
FSR 1574,11 44 42,-45 39.6,0.020,0.095,0.180,2,31,93,1389
DBSB 173,16 40 15,-45 39.6,0.010,0.038,0.060,4,23,47,4526
NGC 6178,16 35 47,-45 37.5,0.020,0.115,0.190,4,54,143,1011
FSR 1705,15 04 16,-45 33.0,0.018,0.040,0.070,6,14,32,1582
ASCC 85,16 47 49,-45 29.4,0.022,0.125,0.235,5,80,227,806
FSR 1434,08 45 29,-45 24.1,0.012,0.085,0.170,3,93,298,1367
Ruprecht 156,08 19 34,-45 21.0,0.010,0.060,0.100,3,20,52,2720
DBSB 174,16 48 11,-45 21.0,0.010,0.030,0.050,1,11,26,1710
ESO 265-01,11 00 56,-45 20.4,0.030,0.085,0.150,2,17,41,3162
DBSB 106,16 54 22,-45 17.9,0.015,0.040,0.062,6,21,50,3490
FSR 1757,18 17 02,-45 15.0,0.010,0.055,0.100,3,20,57,1397
ESO 252-14,05 15 58,-45 14.4,0.015,0.060,0.120,3,7,16,2180
Lynga 14,16 54 59,-45 14.4,0.010,0.055,0.095,5,47,106,1327
Moitinho 1,08 19 17,-45 12.5,0.010,0.045,0.085,1,14,23,1146
NGC 3446,10 52 17,-45 07.5,0.030,0.125,0.205,5,50,138,2001
Pismis 12,09 20 00,-45 06.6,0.010,0.060,0.115,2,43,103,2221
NGC 2659,08 42 34,-44 59.1,0.020,0.085,0.120,4,89,159,1713
MWSC 4178,14 27 38,-44 56.7,0.020,0.115,0.180,3,46,94,3515
NGC 6249,16 57 36,-44 48.0,0.025,0.120,0.190,9,125,285,1113
NGC 6388,17 36 17,-44 44.2,0.050,0.140,0.220,2,136,336,9889
NGC 6222,16 50 28,-44 43.8,0.025,0.060,0.100,20,89,226,3308
FSR 1415,08 40 23,-44 43.5,0.018,0.075,0.120,8,37,48,3473
NGC 6216,16 49 21,-44 43.2,0.012,0.070,0.140,5,86,296,3355
NGC 2220,06 20 53,-44 42.0,0.010,0.070,0.125,2,12,27,1393
NGC 6259,17 00 54,-44 41.4,0.020,0.100,0.170,6,97,254,1855
FSR 1377,07 18 18,-44 40.2,0.016,0.065,0.115,3,12,32,4640
ESO 261-07,09 24 36,-44 40.2,0.010,0.060,0.110,3,24,70,3360
vdBergh-Hagen 34,08 31 12,-44 30.3,0.020,0.077,0.150,6,41,150,950
Pismis 4,08 34 41,-44 29.7,0.010,0.095,0.150,2,37,64,575
Ruprecht 154,08 01 44,-44 25.4,0.010,0.050,0.085,1,16,37,3160
vdBergh-Hagen 54,08 49 41,-44 22.0,0.010,0.052,0.115,3,45,138,1239
FSR 1543,11 14 51,-44 19.8,0.010,0.105,0.165,1,40,76,2662
NGC 6496,17 59 04,-44 16.0,0.030,0.077,0.125,3,37,88,11307
FSR 1430,08 51 52,-44 15.2,0.012,0.055,0.110,4,35,84,6737
vdBergh-Hagen 200,16 49 56,-44 12.3,0.010,0.070,0.115,3,37,116,1633
ESO 281-24,18 39 59,-44 11.4,0.011,0.065,0.110,2,22,44,3830
FSR 1432,08 52 56,-44 11.1,0.015,0.055,0.100,3,18,67,1904
FSR 1412,08 37 17,-44 07.9,0.015,0.080,0.115,4,46,76,2644
Ruprecht 81,09 45 12,-44 06.0,0.015,0.055,0.115,2,18,57,3009
Ruprecht 65,08 39 16,-44 04.2,0.015,0.085,0.155,4,32,106,786
FSR 1699,14 39 40,-44 04.2,0.025,0.100,0.155,6,49,112,1953
Ruprecht 80,09 42 04,-44 01.2,0.015,0.070,0.110,4,26,54,2183
NGC 6169,16 34 07,-44 01.0,0.020,0.070,0.110,3,21,60,1007
FSR 1418,08 47 39,-43 59.9,0.018,0.070,0.140,7,40,154,1249
FSR 1442,09 02 48,-43 57.6,0.010,0.060,0.085,2,36,55,1186
FSR 1481,09 59 20,-43 54.5,0.020,0.075,0.155,9,30,97,4104
DBSB 27,08 46 39,-43 53.0,0.010,0.042,0.065,1,13,27,2479
FSR 1411,08 34 23,-43 51.6,0.025,0.095,0.200,5,34,110,912
FSR 1424,08 50 38,-43 49.9,0.015,0.065,0.100,3,34,73,1829
FSR 1435,08 57 05,-43 45.9,0.025,0.100,0.230,4,18,61,1296
ESO 277-04,16 40 24,-43 44.4,0.010,0.050,0.075,2,24,43,1790
NGC 6541,18 08 02,-43 42.9,0.055,0.125,0.230,5,37,136,7499
FSR 1634,12 54 27,-43 40.8,0.025,0.100,0.170,3,41,97,6310
Pismis 10,09 02 38,-43 38.2,0.015,0.050,0.085,3,26,46,8835
vdBergh-Hagen 37,08 35 47,-43 37.1,0.010,0.060,0.120,4,23,55,5202
Platais 9,09 11 49,-43 31.8,0.140,1.020,2.100,27,518,2277,200
FSR 1635,12 54 57,-43 30.2,0.025,0.100,0.165,3,34,81,6271
Lynga 13,16 48 56,-43 25.7,0.010,0.045,0.075,4,23,51,3412
DBSB 175,16 52 35,-43 23.8,0.010,0.035,0.060,2,16,36,3798
Ruprecht 67,08 41 46,-43 23.7,0.018,0.080,0.170,7,65,227,1342
NGC 6192,16 40 21,-43 21.6,0.040,0.125,0.235,34,141,280,1619
vdBergh-Hagen 56,08 57 07,-43 17.1,0.015,0.075,0.125,2,20,48,737
NGC 3680,11 25 37,-43 14.1,0.020,0.095,0.190,3,40,100,946
FSR 1672,13 38 01,-43 10.8,0.020,0.085,0.155,2,30,76,3020
FSR 1511,10 39 58,-43 07.4,0.020,0.100,0.190,3,31,65,2473
NGC 6322,17 18 27,-42 55.8,0.020,0.105,0.145,4,66,101,1089
MWSC 5604,03 09 49,-42 52.8,0.017,0.100,0.200,1,7,17,1437
FSR 1684,13 57 31,-42 52.2,0.020,0.090,0.160,1,20,57,2733
ESO 311-14,07 49 24,-42 41.1,0.012,0.070,0.140,2,21,70,1278
ESO 282-26,19 13 44,-42 37.8,0.025,0.130,0.195,3,59,136,1509
FSR 1421,08 58 06,-42 36.0,0.010,0.040,0.085,1,7,17,1268
DBSB 176,16 59 26,-42 34.5,0.012,0.050,0.085,2,10,18,7693
Trumpler 10,08 47 29,-42 24.0,0.030,0.220,0.390,8,98,291,417
FSR 1744,16 51 32,-42 23.6,0.018,0.075,0.120,5,57,135,1844
ESO 309-03,06 50 39,-42 23.0,0.015,0.060,0.110,2,13,26,2057
FSR 1401,08 37 03,-42 21.9,0.015,0.065,0.115,4,45,122,4178
FSR 1406,08 38 17,-42 21.0,0.010,0.060,0.117,2,53,168,3208
DBSB 177,17 04 17,-42 20.0,0.015,0.040,0.075,7,39,100,2601
MWSC 5744,20 20 20,-42 14.7,0.023,0.070,0.115,4,15,33,1836
FSR 1475,09 54 34,-42 14.1,0.018,0.100,0.200,3,40,136,2662
ESO 334-02,17 36 57,-42 14.1,0.012,0.060,0.110,3,25,65,3210
MWSC 5665,06 10 26,-42 12.6,0.025,0.085,0.140,4,17,27,934
FSR 1734,16 19 05,-42 07.7,0.015,0.070,0.110,6,57,133,3481
FSR 1773,18 53 14,-42 07.5,0.018,0.085,0.135,3,28,66,1312
Teutsch 84,17 04 19,-42 04.2,0.025,0.085,0.160,16,87,269,3411
Teutsch 64,08 32 30,-41 59.7,0.010,0.035,0.070,1,8,17,3112
ESO 324-15,13 23 28,-41 52.8,0.012,0.070,0.100,3,21,34,2818
SAI 88,08 12 58,-41 52.5,0.010,0.050,0.075,4,26,51,5838
NGC 2671,08 46 13,-41 52.0,0.010,0.085,0.185,5,108,328,1309
MWSC 5215,13 46 03,-41 50.6,0.030,0.105,0.175,12,40,79,3118
NGC 6231,16 54 14,-41 49.8,0.040,0.230,0.400,24,461,1207,1393
ESO 313-03,08 31 38,-41 47.2,0.010,0.050,0.105,1,13,47,4269
DBSB 178,17 02 13,-41 47.1,0.020,0.095,0.170,5,45,135,7506
SAI 90,08 28 06,-41 46.2,0.018,0.060,0.105,6,29,76,3112
FSR 1683,13 54 38,-41 46.1,0.012,0.110,0.175,1,21,47,3848
ASCC 50,08 50 22,-41 43.2,0.035,0.130,0.250,9,96,349,846
Pismis 2,08 17 58,-41 40.2,0.020,0.102,0.225,10,84,277,2754
DBSB 116,17 09 36,-41 35.7,0.010,0.050,0.075,1,12,20,1669
ESO 311-21,08 01 42,-41 35.0,0.010,0.060,0.125,2,29,120,5118
ESO 312-03,08 24 29,-41 18.3,0.018,0.060,0.115,2,20,48,2170
ESO 312-04,08 26 46,-41 14.3,0.010,0.040,0.075,2,11,41,1963
Collinder 197,08 44 51,-41 14.0,0.020,0.110,0.220,4,52,132,881
FSR 1383,08 04 09,-41 13.1,0.010,0.070,0.125,4,35,72,2434
FSR 1416,09 04 37,-41 07.6,0.020,0.060,0.105,4,39,89,1649
vdBergh-Hagen 211,17 02 11,-41 06.6,0.020,0.055,0.105,5,28,77,1820
ESO 329-02,15 27 32,-41 03.0,0.020,0.065,0.095,6,29,45,1546
ESO 335-05,18 16 12,-41 03.0,0.010,0.060,0.090,2,30,69,7562
vdBergh-Hagen 202,16 55 11,-40 56.4,0.012,0.070,0.110,3,58,138,1130
FSR 1379,08 00 16,-40 53.9,0.015,0.070,0.130,3,32,105,1951
ESO 332-22,17 07 25,-40 49.0,0.025,0.115,0.180,6,76,177,1422
vdBergh-Hagen 217,17 16 19,-40 48.6,0.020,0.065,0.100,5,43,89,1723
ESO 332-11,16 56 06,-40 46.8,0.010,0.055,0.100,2,26,96,1841
DBSB 21,08 42 14,-40 44.0,0.010,0.035,0.070,1,11,26,4839
Ruprecht 124,17 28 01,-40 43.8,0.018,0.065,0.120,3,27,67,2186
ESO 332-08,16 54 47,-40 42.9,0.020,0.100,0.180,9,85,300,965
vdBergh-Hagen 205,16 56 09,-40 40.8,0.013,0.060,0.090,2,20,51,1536
FSR 1378,08 01 19,-40 40.5,0.010,0.080,0.190,3,52,187,1562
NGC 6124,16 25 16,-40 39.0,0.030,0.225,0.455,13,474,1631,559
DBSB 19,08 35 28,-40 37.8,0.010,0.035,0.085,3,10,43,4350
ESO 332-13,16 56 40,-40 34.5,0.020,0.060,0.095,6,25,64,2910
DBSB 113,17 00 29,-40 33.7,0.015,0.035,0.060,2,12,36,2382
NGC 2849,09 19 23,-40 31.0,0.010,0.040,0.085,4,12,32,4800
MWSC 4146,11 00 45,-40 29.4,0.022,0.100,0.160,2,23,61,1419
Ruprecht 56,08 12 40,-40 29.1,0.010,0.110,0.305,1,21,123,429
Ruprecht 125,17 29 40,-40 27.0,0.020,0.100,0.160,2,29,94,1188
FSR 1397,08 37 01,-40 23.1,0.022,0.055,0.115,13,36,92,2068
ESO 313-12,08 43 51,-40 13.5,0.015,0.060,0.120,5,30,117,1401
FSR 1737,16 18 23,-40 13.2,0.015,0.050,0.090,5,28,79,2136
Ruprecht 64,08 37 05,-40 11.1,0.040,0.260,0.450,10,265,762,619
DBSB 115,16 59 15,-40 07.2,0.010,0.045,0.075,2,17,29,2628
Trumpler 29,17 41 29,-40 07.2,0.035,0.090,0.145,11,42,110,1096
FSR 1390,08 28 22,-40 05.0,0.010,0.045,0.090,5,28,71,2397
NGC 1851,05 14 08,-40 02.6,0.050,0.150,0.225,3,37,50,12097
FSR 1380,08 11 05,-39 57.9,0.015,0.060,0.110,4,34,76,3112
MWSC 5704,19 04 21,-39 55.8,0.022,0.066,0.110,7,29,53,1604
FSR 1387,08 24 31,-39 54.3,0.015,0.060,0.130,4,34,152,1258
FSR 1758,17 31 37,-39 50.4,0.020,0.075,0.120,9,51,106,7086
NGC 6268,17 02 08,-39 42.9,0.025,0.100,0.185,11,85,237,1105
Teutsch 85,17 13 12,-39 39.6,0.010,0.050,0.085,2,20,44,1569
Saurer 2,08 25 26,-39 38.4,0.018,0.037,0.080,7,17,50,6020
Pismis 5,08 37 40,-39 34.8,0.016,0.060,0.135,3,24,53,702
vdBergh-Hagen 55,08 56 11,-39 30.6,0.020,0.080,0.140,5,21,44,3642
NGC 6242,16 55 34,-39 27.6,0.030,0.110,0.215,22,171,516,1184
NGC 6318,17 16 11,-39 25.0,0.010,0.055,0.110,1,16,66,1841
FSR 1399,08 44 10,-39 21.9,0.020,0.070,0.125,6,49,91,3308
FSR 1736,16 07 55,-39 21.0,0.020,0.070,0.105,4,34,66,7468
MWSC 4170,13 36 49,-39 11.1,0.020,0.125,0.220,3,51,132,1548
DBSB 179,17 11 24,-39 10.7,0.014,0.060,0.115,2,11,28,7908
FSR 1754,17 14 58,-39 05.1,0.020,0.080,0.130,4,37,99,1400
FSR 1746,16 50 42,-39 04.8,0.020,0.080,0.140,9,59,135,4103
NGC 6380,17 34 28,-39 04.0,0.030,0.065,0.125,14,76,276,10897
ASCC 47,08 31 47,-39 03.3,0.020,0.155,0.280,3,101,357,780
Trumpler 25,17 24 23,-39 01.0,0.015,0.090,0.160,5,79,177,1818
FSR 1750,17 02 06,-38 51.9,0.025,0.075,0.125,7,44,134,1555
NGC 6139,16 27 40,-38 50.9,0.040,0.075,0.130,11,58,163,10110
Havlen-Moffat 1,17 18 54,-38 49.0,0.020,0.075,0.140,2,30,64,4854
Pismis 7,08 41 12,-38 42.4,0.015,0.085,0.155,3,38,103,4783
Pismis 3,08 31 16,-38 39.5,0.020,0.105,0.205,9,160,449,1418
Sco OB5,17 52 26,-38 38.1,0.025,0.170,0.310,5,126,414,2695
Pismis 26,17 36 10,-38 33.0,0.025,0.065,0.110,5,52,137,8201
NGC 2477,07 52 08,-38 31.8,0.050,0.310,0.450,36,770,1209,1450
NGC 2451A,07 41 20,-38 31.2,0.070,0.625,1.300,3,67,297,188
ESO 332-20,17 04 55,-38 19.0,0.012,0.065,0.110,1,25,73,1695
MWSC 4158,12 44 28,-38 18.6,0.020,0.115,0.195,2,30,80,1616
vdBergh-Hagen 222,17 18 45,-38 17.7,0.012,0.085,0.165,1,26,78,7813
Ruprecht 152,07 54 31,-38 13.2,0.010,0.060,0.090,2,26,49,3629
ESO 314-14,09 19 31,-38 07.9,0.018,0.070,0.115,4,22,46,1870
Ruprecht 66,08 40 28,-38 03.3,0.010,0.065,0.125,2,31,91,3552
ASCC 49,08 47 51,-38 00.0,0.030,0.160,0.270,4,75,216,629
NGC 6281,17 04 41,-37 58.8,0.025,0.170,0.320,5,153,415,512
FSR 1774,18 08 44,-37 56.4,0.010,0.085,0.130,1,18,36,1935
Ruprecht 123,17 23 31,-37 55.5,0.020,0.085,0.155,4,38,148,929
FSR 1402,09 05 46,-37 52.5,0.020,0.090,0.195,3,17,83,2889
NGC 5986,15 46 03,-37 47.2,0.030,0.090,0.165,0,33,119,10517
DBSB 120,17 23 13,-37 45.5,0.017,0.050,0.090,3,28,75,5483
ESO 313-11,08 43 43,-37 42.0,0.010,0.033,0.075,2,10,40,3010
Collinder 338,17 38 12,-37 42.0,0.025,0.160,0.275,7,106,297,698
NGC 2451B,07 44 28,-37 40.2,0.040,0.200,0.410,3,61,215,489
ASCC 48,08 34 39,-37 37.8,0.020,0.100,0.170,1,21,51,550
ESO 337-23,19 19 18,-37 37.2,0.010,0.050,0.100,1,8,20,1995
NGC 2546,08 11 51,-37 36.6,0.040,0.275,0.565,14,346,1267,935
Ruprecht 72,08 52 03,-37 36.6,0.010,0.045,0.100,2,12,47,2242
FSR 1782,18 38 17,-37 33.6,0.020,0.080,0.140,2,26,84,2650
Ruprecht 158,08 52 26,-37 33.3,0.012,0.055,0.125,2,15,75,2720
DC 3,07 27 00,-37 31.5,0.020,0.055,0.100,5,17,37,4317
MWSC 4211,15 31 35,-37 29.4,0.035,0.147,0.240,7,84,190,2361
ASCC 91,17 48 50,-37 22.2,0.010,0.130,0.220,1,51,185,858
FSR 1720,15 11 29,-37 21.9,0.020,0.100,0.185,2,45,127,3066
NGC 6256,16 59 33,-37 07.3,0.020,0.070,0.120,3,82,202,10296
Ruprecht 74,09 21 00,-37 07.0,0.010,0.035,0.075,2,10,22,3074
Pismis 1,08 18 18,-37 06.0,0.010,0.035,0.075,3,7,11,5903
FSR 1451,09 47 37,-37 03.3,0.015,0.065,0.115,2,19,49,1470
NGC 6441,17 50 13,-37 03.1,0.040,0.080,0.125,0,19,56,11610
Collinder 135,07 17 56,-37 02.1,0.040,0.200,0.520,6,34,217,361
NGC 6400,17 40 12,-36 56.7,0.010,0.100,0.190,2,50,174,938
FSR 1785,18 44 07,-36 56.5,0.015,0.055,0.090,2,12,34,4080
FSR 1465,10 05 47,-36 54.6,0.018,0.090,0.155,2,20,50,1703
Harvard 16,17 31 16,-36 48.3,0.020,0.100,0.180,6,57,138,1467
vdBergh-Hagen 214,17 05 40,-36 40.0,0.012,0.060,0.110,1,18,47,1579
BDSB 165,17 29 17,-36 39.2,0.010,0.035,0.055,3,22,50,5147
FSR 1766,17 34 34,-36 39.0,0.010,0.070,0.115,2,47,100,3540
NGC 6723,18 59 33,-36 37.9,0.040,0.155,0.260,0,82,207,8703
NGC 2818,09 16 12,-36 36.9,0.020,0.115,0.270,3,70,265,2054
SAI 86,08 08 15,-36 35.4,0.015,0.045,0.075,4,16,37,3022
FSR 1775,17 56 08,-36 33.9,0.018,0.060,0.100,6,47,104,8508
FSR 1431,09 35 08,-36 33.8,0.020,0.085,0.160,4,38,91,2343
BDSB 166,17 28 59,-36 33.7,0.010,0.035,0.050,5,30,52,6755
MWSC 4210,15 27 50,-36 31.2,0.025,0.130,0.205,4,80,168,2432
FSR 1467,10 07 44,-36 29.6,0.015,0.090,0.195,2,22,85,1606
Turner 5,09 33 16,-36 24.6,0.050,0.400,0.900,3,69,401,400
AH03 J0822-36.4,08 22 08,-36 24.3,0.018,0.090,0.140,4,59,128,1634
FSR 1361,07 50 40,-36 23.4,0.018,0.065,0.110,3,43,92,2234
NGC 1963,05 32 10,-36 22.8,0.020,0.105,0.170,1,14,35,1703
BDSB 164,17 25 32,-36 22.0,0.016,0.045,0.075,3,16,28,3135
MWSC 5273,15 07 04,-36 21.7,0.018,0.085,0.165,6,48,128,1599
FSR 1767,17 35 42,-36 21.3,0.014,0.060,0.115,2,18,77,1948
MWSC 5116,11 39 05,-36 20.4,0.020,0.100,0.180,4,30,77,1622
DBSB 123,17 17 17,-36 20.1,0.020,0.060,0.090,2,13,22,2024
vdBergh-Hagen 23,08 13 59,-36 20.0,0.018,0.150,0.320,2,31,123,414
Collinder 185,08 23 20,-36 19.8,0.010,0.075,0.130,2,29,94,1477
MWSC 5708,19 11 58,-36 18.9,0.020,0.055,0.100,2,13,26,1844
Ruprecht 127,17 37 52,-36 18.2,0.012,0.060,0.090,1,15,29,1435
NGC 2579,08 20 44,-36 11.8,0.010,0.055,0.090,1,20,47,1221
ESO 370-17,08 31 52,-36 11.8,0.015,0.050,0.110,4,13,59,2695
ESO 389-05,15 57 49,-36 11.7,0.014,0.060,0.112,2,29,86,4785
FSR 1365,07 59 45,-36 11.4,0.015,0.087,0.160,3,46,96,1884
FSR 1776,17 54 00,-36 08.7,0.010,0.060,0.105,4,40,105,8923
NGC 6334,17 20 51,-36 06.9,0.030,0.140,0.245,4,67,173,1132
Teutsch 50,08 07 09,-36 04.4,0.010,0.050,0.090,3,25,70,3254
NGC 2298,06 48 59,-36 00.3,0.030,0.080,0.115,2,22,35,10815
FSR 1417,09 32 22,-35 58.8,0.020,0.075,0.115,2,15,39,2210
Ruprecht 68,08 44 36,-35 53.1,0.010,0.080,0.140,3,52,105,2181
vdBergh-Hagen 223,17 20 41,-35 53.0,0.015,0.045,0.070,3,9,15,895
Alessi 13,03 28 05,-35 52.2,0.150,2.080,3.180,3,75,209,112
Pup OB3,08 16 57,-35 52.0,0.020,0.170,0.340,2,55,175,1768
MWSC 5706,19 09 38,-35 51.6,0.013,0.075,0.140,1,24,69,1558
IC 1023,14 32 20,-35 49.2,0.025,0.085,0.135,3,17,32,1298
MWSC 5713,19 25 32,-35 49.2,0.011,0.050,0.095,2,17,39,2265
FSR 1382,08 42 56,-35 47.1,0.015,0.060,0.115,4,30,81,1811
Ivanov 8,08 19 10,-35 39.0,0.010,0.060,0.100,2,29,55,1194
ESO 393-12,17 38 40,-35 39.0,0.018,0.055,0.105,2,27,87,8208