long_uniq_ID,shrt_uniq_ID,trshld_ID,den_threshold,num_galaxies,num_groups,volume(Mpc^3),vol_rad(MPC),den_gal_per_vol
239+027+0091,1,1,4.7,1070,121,9392,13.08849842,0.1139267462
170+043+0196,2,2,4.3,118,17,17200,16.01326703,0.006860465116
135+003+0194,3,4,2.9,68,8,13542,14.78647773,0.005021414857
144+012+0180,4,5,5.4,298,42,26378,18.46649268,0.0112972932
231+030+0117,5,3,4.3,1355,204,24348,17.98007758,0.0556513882
203+019+0173,6,6,3.7,137,20,10879,13.74569772,0.01259306922
139+052+0190,7,9,5.2,253,32,25354,18.22437426,0.009978701586
168+013+0169,8,8,4.8,186,25,11554,14.02430187,0.01609832093
177+037+0165,9,11,5.1,78,9,4635,10.34317112,0.01682847896
227+006+0078,11,7,3.4,1587,202,14892,15.26235225,0.1065672844
239+016+0037,10,10,3.9,1655,116,5011,10.61561757,0.3302733985
176+022+0176,14,14,5.4,204,24,15131,15.34356723,0.01348225497
203-003+0177,18,10,3,154,19,20542,16.98966068,0.007496835751
157+038+0149,13,12,4,409,62,17968,16.24814215,0.02276268923
142+020+0192,12,15,4.7,58,8,7570,12.18061146,0.007661822985
183+006+0138,17,17,4.4,738,112,23957,17.88331149,0.03080519264
214+035+0172,19,15,3.5,282,42,24144,17.92972125,0.01167992048
117+017+0187,20,14,3,93,8,15290,15.39712464,0.006082406802
181+028+0167,15,18,4.4,132,22,8333,12.57682228,0.01584063363
196+033+0188,26,19,4,87,7,11143,13.85599891,0.00780759221
197+046+0184,25,23,5,91,10,7939,12.37539484,0.01146240081
213-000+0139,28,18,4.2,137,19,4258,10.05477483,0.03217472992
233+037+0153,32,22,5.2,201,42,8211,12.51514294,0.02447935696
246+048+0191,33,23,4,87,7,12441,14.37437245,0.006993006993
156+049+0156,23,26,4.1,140,24,7060,11.90068693,0.01983002833
220+012+0121,29,24,5,261,43,4485,10.23036855,0.05819397993
210+017+0186,30,26,4.6,52,7,6100,11.33479688,0.008524590164
217+049+0194,43,33,4.7,80,7,8537,12.67862696,0.00937097341
126+047+0128,22,30,4.4,193,32,4932,10.55953562,0.03913219789
184+003+0077,24,31,5,1469,201,10040,13.38284253,0.146314741
223+022+0117,42,34,5,1017,173,16267,15.71832578,0.06251921067
137+011+0164,21,28,4.3,70,11,4139,9.96022018,0.01691229766
151+010+0162,36,31,3.3,222,30,16747,15.87143289,0.01325610557
175+011+0154,37,29,3.2,285,35,16504,15.79429342,0.01726854096
199+043+0196,27,27,3.2,32,2,6462,11.55472059,0.004952027236
209-001+0196,31,24,3.4,19,3,2707,8.645694434,0.007018840044
167+040+0078,38,31,3.4,792,83,6376,11.50323255,0.1242158093
151+021+0190,35,34,4,104,14,13306,14.70007791,0.007816022847
181+003+0163,39,35,3.5,186,27,13987,14.94670014,0.01329806249
190+037+0192,40,42,5.2,44,7,4717,10.40381024,0.009327962688
247+021+0182,47,28,2.8,83,11,13421,14.74230603,0.006184337978
215+035+0191,44,39,5.5,21,3,2538,8.461895729,0.008274231678
227+014+0186,46,33,2.9,210,25,33773,20.05212225,0.006217984781
229-001+0117,45,43,4.7,317,49,5901,11.21017352,0.05371970852
149+025+0193,34,30,2.8,39,4,7912,12.36134962,0.004929221436
195+003+0184,41,36,2.9,80,9,11751,14.10355963,0.00680793124
202-001+0084,61,46,4.8,3190,428,25551,18.27145352,0.1248483425
115+031+0194,48,44,4,66,9,9065,12.93480045,0.007280750138
172+023+0138,54,48,5.4,166,25,4018,9.862199292,0.04131408661
250+027+0102,64,50,5.5,315,47,3321,9.255362263,0.09485094851
213+003+0181,65,51,5,105,12,9255,13.02454632,0.0113452188
138+005+0144,51,45,3.5,174,28,7891,12.35040344,0.02205043721
173+014+0082,55,54,5.5,981,139,6576,11.6222728,0.1491788321
205+040+0170,62,52,3.3,310,42,29849,19.2433373,0.01038560756
224+024+0162,66,49,3.4,139,27,10577,13.61730918,0.01314172261
221+019+0194,67,48,3.7,96,15,14616,15.16747572,0.006568144499
226+022+0182,99,60,4.1,164,24,17271,16.03527054,0.009495686411
163+008+0167,52,51,3.9,101,15,8968,12.88849864,0.01126226583
192+028+0195,59,45,3.1,49,4,10038,13.38195384,0.004881450488
245+041+0134,98,16,2.4,685,104,34489,20.1928366,0.01986140509
125+015+0153,49,54,3.3,337,46,20303,16.92351361,0.01659853224
195+027+0022,56,29,2.7,3917,393,11257,13.90309058,0.3479612685
202+005+0172,63,55,4.3,67,10,4964,10.58232401,0.01349717969
207+049+0168,92,61,3.3,278,40,25902,18.3547397,0.01073276195
255+023+0170,103,34,2.6,174,32,17562,16.12482913,0.009907755381
254+024+0189,69,20,2.5,39,6,7998,12.40597581,0.004876219055
187+032+0174,85,63,4.1,69,10,6274,11.44156156,0.01099776857
247+040+0029,60,56,3.9,1511,146,3811,9.689843879,0.3964838625
171+016+0172,78,68,3.9,184,19,16188,15.69283935,0.01136644428
182+038+0195,83,57,3.2,47,4,8203,12.51107711,0.005729611118
191+040+0191,86,69,5.2,51,8,5969,11.25306921,0.008544144748
216+026+0172,97,62,3.3,76,9,7724,12.26265619,0.009839461419
189+009+0166,57,60,4.4,70,11,3811,9.689843879,0.01836788245
170+020+0167,77,70,4.2,193,29,13415,14.7401088,0.01438688036
225+016+0195,100,62,3.7,47,6,6539,11.60043414,0.007187643371
248+035+0190,102,70,4.8,40,5,4472,10.22047457,0.008944543828
167+000+0185,53,30,2.6,44,4,7668,12.232949,0.005738132499
112+040+0117,74,61,3.1,296,49,7405,12.09146207,0.03997299122
170+047+0110,81,76,4.4,520,81,8585,12.70234478,0.06057076296
173+040+0183,80,75,4.4,125,15,11455,13.98413136,0.01091226539
183+027+0180,84,72,3.9,56,8,6240,11.42085611,0.008974358974
197+013+0180,89,36,2.6,97,9,14025,14.96022368,0.006916221034
163+020+0169,75,77,4.1,46,5,3790,9.672012895,0.01213720317
230+027+0069,94,87,5.3,1191,129,6921,11.82206692,0.1720849588
179+026+0139,131,92,4.8,527,87,14736,15.20887187,0.03576275787
132+018+0186,70,83,4.1,38,2,4816,10.47609166,0.007890365449
141+014+0140,72,28,2.5,283,48,14742,15.21093577,0.01919685253
155+002+0190,73,71,3.6,30,3,4839,10.49274224,0.006199628022
198+027+0187,90,81,4,194,27,26071,18.39457226,0.007441218212
137+058+0174,115,88,3.6,85,12,8261,12.54049476,0.01028931122
176+051+0130,82,24,2.4,226,27,9286,13.0390722,0.02433771269
215+048+0071,87,80,4.1,711,91,4347,10.12434673,0.1635610766
130+030+0193,104,75,3.3,40,3,7265,12.01477576,0.005505849966
111+042+0181,107,81,3.5,74,8,8945,12.87747094,0.008272778088
127+044+0145,110,108,5,267,51,9472,13.12555552,0.02818834459
189+017+0071,136,68,3,699,78,6120,11.34717112,0.1142156863
230+005+0102,152,85,3.9,525,76,7670,12.23401245,0.06844850065
211+006+0113,145,99,4.9,349,59,4928,10.55668015,0.07081980519
156+047+0192,116,97,5.2,34,3,3919,9.780526138,0.008675682572
167+020+0136,123,101,4.7,212,32,5676,11.06584525,0.03735024665
183+014+0158,134,97,4.5,72,11,3339,9.272053665,0.02156334232
140+054+0184,112,104,4.9,39,3,4186,9.997779132,0.009316770186
159+036+0123,120,104,4.2,246,42,5238,10.77355323,0.04696449026
140+063+0120,124,89,3.8,412,73,9228,13.0118683,0.04464672735
170+053+0102,129,104,4.4,248,36,3054,9.000365394,0.08120497708
204+047+0189,142,47,2.6,34,4,7472,12.12782024,0.004550321199
217+024+0136,149,110,4.4,198,35,5828,11.16375537,0.03397391901
250+021+0151,163,95,3.7,276,46,14434,15.10425691,0.01912151864
135+013+0176,105,91,3.7,80,7,8841,12.82736917,0.009048750141
140+008+0131,109,121,4.8,201,34,4791,10.45793297,0.04195366312
172+022+0179,125,98,4.5,25,6,2156,8.01407463,0.01159554731
172+019+0131,128,124,5.4,201,30,4432,10.18991076,0.04535198556
208+012+0145,147,116,5.3,83,18,2350,8.247577737,0.03531914894
219+011+0161,157,131,5.5,191,31,8900,12.85584021,0.02146067416
220+009+0167,159,104,3.9,123,19,9945,13.34049853,0.01236802413
248+024+0193,166,89,3.5,28,2,4505,10.24555279,0.006215316315
138+000+0165,108,53,2.6,74,14,7758,12.2806227,0.009538540861
206+012+0195,151,28,2.4,26,2,4462,10.21285076,0.005826983416
228+006+0175,162,130,4.9,189,22,16168,15.68637394,0.01168975755
153+019+0112,117,97,3.5,719,117,16143,15.67828468,0.04453942885
156+051+0172,119,109,4.1,56,6,4029,9.871190942,0.01389923058
170+021+0192,121,110,3.5,83,5,12768,14.49922385,0.006500626566
225+016+0152,158,84,2.9,373,51,22437,17.49680397,0.01662432589
234-001+0144,160,82,3,147,16,8681,12.74951651,0.016933533
239+021+0173,164,84,3.5,32,3,3320,9.254433197,0.009638554217
260+026+0160,165,35,2.4,75,12,5249,10.78108958,0.01428843589
202+017+0196,95,45,2.7,28,1,6197,11.39456182,0.004518315314
152+046+0195,113,124,5.2,26,3,2543,8.467448885,0.01022414471
175+018+0187,126,47,2.5,47,7,9527,13.1509114,0.004933347329
191-002+0183,137,98,3.3,43,6,6423,11.53142833,0.006694690954
236+051+0157,153,75,2.7,195,27,15889,15.59562026,0.01227264145
153+054+0185,118,40,2.4,33,6,5855,11.18096866,0.005636208369
218+055+0140,143,103,3.5,107,14,3868,9.737914387,0.02766287487
158+052+0135,203,126,4,217,37,7102,11.92423939,0.0305547733
182-000+0182,217,129,4.3,56,10,6381,11.50623868,0.00877605391
199+051+0193,138,39,2.4,18,2,4140,9.96102226,0.004347826087
206+013+0152,146,135,5.3,96,20,3251,9.189871809,0.02952937558
211+027+0156,148,112,3.7,237,41,15625,15.50876227,0.015168
235+041+0142,155,114,3.9,145,30,5501,10.95093023,0.02635884385
213-000+0186,156,132,4.9,35,4,2872,8.817902153,0.01218662953
134+038+0094,195,100,3,740,107,10217,13.46102905,0.07242830576
235+032+0196,101,73,4.2,128,11,19214,16.61535886,0.006661809098
159+012+0189,111,110,3.4,70,6,10986,13.79061588,0.006371745858
158+019+0168,114,121,4.1,101,11,7416,12.09744633,0.01361920173
161+031+0114,122,84,2.8,202,39,5554,10.9859872,0.03637018365
130+053+0181,183,145,4.1,45,5,4913,10.54595835,0.009159373092
146+033+0133,191,144,4.6,137,25,3247,9.186101218,0.04219279335
163+011+0131,199,97,2.8,512,87,20084,16.86244455,0.0254929297
182+012+0170,216,130,4,79,12,5625,11.03260254,0.01404444444
209-001+0148,240,116,3.6,179,24,8477,12.64885434,0.02111596084
207+018+0188,244,140,4.1,77,8,9898,13.31944964,0.007779349364
152+020+0149,188,122,3.6,85,10,4319,10.10256217,0.01968048159
152-000+0097,198,119,3.3,1107,160,15524,15.4752738,0.07130894099
170+027+0172,204,44,2.4,52,9,6607,11.64050708,0.007870440442
175+025+0184,208,159,5.4,25,3,1929,7.722321399,0.01296008294
178+067+0117,218,127,3.5,304,46,5993,11.26813106,0.05072584682
187+041+0174,225,135,4.6,29,4,2148,8.004150069,0.0135009311
253+037+0165,257,163,5.1,256,41,12395,14.35663439,0.02065348931
116+045+0186,172,108,3.2,19,2,2843,8.788122124,0.006683081252
154+033+0128,196,163,4.2,199,33,4557,10.28482263,0.04366908054
155+049+0142,201,160,4,228,40,10061,13.3921667,0.02266176324
186-000+0159,222,53,2.4,146,24,15046,15.31478189,0.009703575701
245+025+0190,266,160,4.6,24,4,2920,8.866755794,0.008219178082
131+042+0150,182,176,5,81,12,2485,8.402578811,0.03259557344
133+041+0140,185,132,3.5,187,23,5932,11.22976956,0.03152393796
166+049+0179,205,161,4.5,30,4,2395,8.299889354,0.01252609603
164+056+0135,209,164,4.6,82,10,2481,8.398067964,0.03305118904
165+066+0191,210,89,2.7,43,4,8563,12.69148512,0.005021604578
187+015+0191,226,46,2.4,24,3,5359,10.85588038,0.004478447472
189+025+0173,227,123,3.1,105,12,14151,15.00489085,0.00741997032
203+059+0072,228,157,4.1,783,91,5387,10.87475435,0.1453499165
126+017+0091,189,179,5.2,200,28,1607,7.266229139,0.1244555072
158+042+0165,197,114,2.9,154,24,13917,14.92172411,0.01106560322
161+049+0173,200,112,2.9,81,11,8761,12.78856132,0.009245519918
216+055+0131,235,131,3.4,117,18,3207,9.148223863,0.03648269411
204+038+0184,236,130,3.3,44,6,6246,11.42451547,0.007044508485
208+024+0139,238,156,3.7,326,55,12882,14.54224851,0.02530662941
209+026+0178,242,143,3.7,45,5,4358,10.13287936,0.01032583754
218+044+0181,246,175,4.4,43,5,4323,10.10568,0.009946796206
229+041+0194,254,51,2.4,25,2,5877,11.19495521,0.004253871023
241+016+0133,256,179,4.3,545,85,17193,16.0110944,0.03169894725
143+031+0126,190,181,4.6,106,18,2413,8.320630521,0.04392871944
173+012+0173,207,192,4.4,92,9,6527,11.59333364,0.01409529646
169+054+0141,211,180,4.6,94,15,2518,8.439609885,0.03733121525
196+020+0193,233,93,2.7,28,2,5224,10.76394623,0.005359877489
218+004+0157,252,130,3,96,12,8215,12.51717487,0.01168594035
130+016+0186,168,140,3.3,24,4,2947,8.894001032,0.008143875127
112+041+0197,169,113,3.5,17,1,2235,8.110786558,0.007606263982
137+027+0183,173,198,5.1,54,9,4402,10.16686702,0.01226715129
159+015+0196,186,147,3.6,18,4,2613,8.544439915,0.006888633754
150+044+0153,192,176,4,86,16,3769,9.654115924,0.02281772353
175+032+0133,212,190,4.8,168,32,3649,9.550550779,0.04604001096
176+035+0173,213,217,5.4,76,14,4362,10.13597858,0.01742320037
176+045+0145,215,56,2.4,132,21,9144,12.97226672,0.01443569554
217+005+0113,241,210,4.9,324,54,4473,10.22123632,0.07243460765
215+000+0169,251,160,3.9,29,6,2588,8.517102769,0.01120556414
243+026+0186,264,137,3.4,23,1,3477,9.398070396,0.0066148979
249+028+0195,267,157,3.5,19,4,2686,8.62327957,0.007073715562
252+019+0193,270,127,2.9,65,7,13108,14.62679836,0.004958803784
125+032+0173,171,193,4.6,47,7,3385,9.314438679,0.01388478582
132+039+0177,175,160,3.8,23,4,2441,8.352690513,0.009422367882
149+018+0160,181,195,4.6,43,9,2378,8.280204833,0.0180824222
159+044+0124,202,124,3,191,27,6238,11.41963581,0.03061878807
176+049+0194,214,117,2.8,36,5,7137,11.9437956,0.005044136192
187+008+0089,223,192,5,462,40,3368,9.298819646,0.1371733967
208+014+0127,237,143,3.2,319,53,9205,13.00104898,0.03465507876
210+000+0185,249,195,5,19,2,1452,7.024671218,0.01308539945
137+043+0177,294,222,5.2,38,5,2060,7.893316861,0.01844660194
120+028+0141,174,171,3.8,132,25,4134,9.956207845,0.03193033382
133+038+0164,176,167,3.6,83,10,6677,11.68147245,0.01243073236
149+030+0190,179,186,4.1,100,16,12015,14.20839608,0.008322929671
167+043+0157,206,164,3.6,81,14,4328,10.10957459,0.01871534196
196+064+0179,229,137,3.1,50,5,6008,11.2775243,0.008322237017
195+057+0196,230,106,2.8,37,1,9738,13.2472903,0.003799548162
250+013+0187,269,160,3.3,40,2,5905,11.21270589,0.006773920406
207+026+0067,349,197,4.2,1142,134,6571,11.61932642,0.1737939431
243+038+0185,394,215,4.8,29,4,2760,8.701754455,0.01050724638
243+019+0171,400,93,2.6,104,12,11761,14.10755916,0.008842785477
244+013+0197,167,105,3.3,27,2,5149,10.71218574,0.005243736648
123+022+0163,170,60,2.4,68,7,7416,12.09744633,0.009169363538
236+012+0177,262,178,3.9,48,4,4206,10.01367641,0.01141226819
180+032+0169,334,211,4.6,69,10,3971,9.823594469,0.01737597582
207+028+0077,351,144,3,1190,171,12006,14.20484753,0.09911710811
200+004+0133,359,141,3,97,13,4291,10.08068324,0.02260545327
249+027+0134,386,173,3.6,188,36,5528,10.96881744,0.03400868307
141+054+0125,318,62,2.4,199,29,8150,12.48407397,0.02441717791
172+054+0070,336,240,5.4,537,51,2309,8.199331422,0.2325682113
175+010+0118,329,187,3.7,149,26,3345,9.277604132,0.04454409567
183+017+0182,338,198,3.9,38,1,3995,9.843345403,0.009511889862
183+035+0134,339,137,2.9,176,28,7487,12.13593033,0.02350741285
199+001+0181,363,179,3.6,57,8,7214,11.98659531,0.007901303022
239+028+0077,368,252,5.3,505,48,2559,8.485170216,0.197342712
225+011+0170,387,207,3.9,80,9,6432,11.53681182,0.01243781095
126+036+0194,273,73,2.4,30,1,6801,11.75334241,0.004411116012
129+040+0194,278,65,2.4,30,3,7118,11.93318732,0.004214667041
141+045+0186,299,226,4.3,30,1,3554,9.466939566,0.008441193022
150+005+0124,305,132,2.8,371,60,13574,14.79811547,0.02733166347
156+034+0173,308,181,3.4,76,10,6353,11.4893841,0.0119628522
156+010+0108,317,112,2.7,824,135,19265,16.63004667,0.04277186608
165+022+0149,321,186,3.7,53,11,2246,8.124071074,0.02359750668
183+006+0171,337,173,3.5,27,3,2288,8.174398462,0.0118006993
186+047+0188,343,187,3.9,56,7,7003,11.86857301,0.007996572897
190+019+0165,346,117,2.7,102,17,9966,13.34988192,0.01023479831
201+066+0182,348,167,3.1,29,2,3834,9.709298052,0.00756390193
214+023+0138,370,223,4.4,117,17,3503,9.421437599,0.03339994291
255+033+0086,376,78,2.5,895,133,13965,14.93885953,0.06408879341
212+030+0186,377,187,3.6,47,4,6825,11.7671516,0.006886446886
258+029+0196,268,54,2.4,10,0,2549,8.474103071,0.003923107101
132+000+0195,272,63,2.4,19,1,4431,10.18914432,0.004287971113
126+034+0157,285,122,2.7,90,15,7245,12.00374037,0.01242236025
152-000+0186,291,192,3.6,59,8,7324,12.04721263,0.008055707264
129+018+0117,297,64,2.4,346,67,10529,13.59667882,0.03286162029
154+014+0146,304,252,4.6,259,54,8827,12.82059474,0.02934179223
163+018+0136,319,181,3.1,186,31,6777,11.73950068,0.02744577247
170+000+0101,327,159,3,377,47,6906,11.81352002,0.05459021141
178+015+0113,333,127,2.8,234,38,6169,11.3773745,0.03793159345
200+014+0153,361,261,4.6,102,22,4011,9.856468786,0.02543006731
207+032+0193,371,170,3.1,21,0,4428,10.18684429,0.004742547425
246+025+0184,402,228,4.6,23,5,1810,7.560142622,0.01270718232
122+020+0143,279,139,2.8,190,28,10389,13.53614649,0.01828857445
135+008+0150,281,204,3.5,157,29,8665,12.74167879,0.01811886901
136+061+0179,310,195,3.6,31,6,2743,8.683851727,0.01130149471
204+054+0164,355,171,3,123,17,11333,13.93430866,0.01085326039
199+042+0181,358,256,5,33,3,2438,8.349267278,0.01353568499
221+048+0176,374,269,5.1,27,1,1531,7.149826894,0.01763553233
226+007+0141,382,189,3.2,326,59,14949,15.28179998,0.02180747876
239+040+0181,388,70,2.4,47,4,8247,12.53340658,0.005699042076
256+035+0160,396,264,5.1,69,12,2890,8.836285602,0.02387543253
123+044+0184,280,68,2.4,20,2,3576,9.486433506,0.005592841163
136+010+0134,290,214,3.7,103,15,3272,9.209616837,0.0314792176
139+005+0134,292,198,3.6,69,12,2140,7.994200835,0.03224299065
158+016+0179,303,193,3.5,31,4,3350,9.282224454,0.009253731343
158+004+0156,307,237,3.9,164,27,8601,12.71023107,0.01906755028
122+035+0084,311,106,2.6,409,59,5424,10.8995949,0.07540560472
162+003+0150,313,249,3.9,176,32,8475,12.6478595,0.02076696165
158+049+0196,314,275,4.9,24,4,2929,8.875856131,0.008193922841
154+048+0134,322,238,3.9,149,24,4579,10.30134688,0.03253985586
174+025+0156,328,267,4.2,158,26,7057,11.89900105,0.02238911719
176-001+0109,330,167,3,259,40,5588,11.0083593,0.04634931997
175+005+0098,332,245,4,429,71,6016,11.28252764,0.07130984043
196+047+0144,347,130,2.7,179,28,10248,13.4746296,0.01746682279
217+056+0106,353,200,3.3,246,33,4432,10.18991076,0.05550541516
212+043+0139,364,206,3.3,162,27,6583,11.62639522,0.02460884095
217+020+0100,366,246,3.9,523,86,7933,12.37227644,0.0659271398
227+036+0164,381,276,5.2,34,4,1059,6.323183475,0.03210576015
124+031+0181,274,195,3.2,30,3,3995,9.843345403,0.007509386733
135+038+0190,283,76,2.4,29,0,6537,11.59925133,0.004436285758
143+019+0180,284,270,4.5,43,5,3197,9.138705363,0.01345010948
155+034+0147,312,248,4,111,16,3986,9.835948097,0.02784746613
181+035+0189,335,114,2.6,25,4,5273,10.79749605,0.004741134079
197+039+0073,344,141,2.8,459,60,4541,10.27277157,0.1010790575
231+041+0153,379,242,3.9,53,11,2098,7.941556405,0.02526215443
246+041+0183,392,159,2.9,82,9,13631,14.81879998,0.006015699508
256+035+0186,401,79,2.4,43,5,7460,12.12132436,0.005764075067
177+037+0174,517,329,5.4,28,5,1490,7.08542469,0.01879194631
120+015+0195,271,184,3,30,1,5198,10.74605903,0.005771450558
146+009+0188,282,88,2.5,19,3,3510,9.427709003,0.005413105413
139+036+0191,286,295,4.8,50,5,4168,9.983428234,0.01199616123
120+044+0130,302,272,4.4,90,18,2043,7.87154385,0.04405286344
163+020+0194,309,246,4.1,12,2,1681,7.376092733,0.007138607971
151+068+0194,324,82,2.4,26,2,5312,10.82405073,0.004894578313
230+008+0039,350,274,4.3,1163,100,3210,9.151075554,0.362305296
217+063+0140,357,96,2.5,247,44,13626,14.81698786,0.01812710994
232+029+0066,362,280,4.4,335,33,1601,7.257174639,0.2092442224
209+000+0166,375,135,2.7,43,7,4628,10.33796158,0.009291270527
250+032+0137,385,218,3.4,105,28,3830,9.705920317,0.0274151436
120+032+0187,410,267,4,25,4,3227,9.167201666,0.007747133561
145+008+0137,449,308,4.8,119,22,3223,9.163412392,0.03692212225
191+060+0152,536,241,3.4,140,21,7608,12.20095892,0.01840168244
213-000+0126,565,321,4.8,179,29,3416,9.34278635,0.05240046838
184+053+0196,340,81,2.4,14,3,3549,9.462497912,0.003944773176
201+023+0191,365,261,4.1,16,2,1687,7.384858151,0.009484291642
256+034+0099,378,315,5.5,189,19,1127,6.455726191,0.1677018634
137+030+0181,424,322,5.1,45,5,3315,9.249785063,0.01357466063
124+030+0149,426,84,2.4,113,15,7931,12.37123662,0.01424788803
161+058+0117,508,224,3.2,348,57,8264,12.54201261,0.04211035818
195+051+0120,540,219,3.2,246,40,6629,11.65341296,0.03710966963
217+025+0099,556,224,3.4,257,39,3727,9.618121549,0.06895626509
209+015+0184,581,322,4.6,42,7,3545,9.458941584,0.01184767278
209+007+0183,583,302,4.6,34,3,2891,8.837304664,0.01176063646
215+009+0161,587,359,5.5,37,4,1191,6.575685758,0.03106633081
239+031+0153,603,285,4,63,9,3206,9.147272904,0.01965065502
136+011+0173,275,322,5.4,29,7,1582,7.228351944,0.0183312263
151+019+0196,289,171,3.6,4,1,1446,7.014982004,0.002766251729
168+016+0196,315,218,3.5,45,4,7336,12.05378862,0.006134133043
138+003+0163,422,129,2.6,66,9,5811,11.15289008,0.01135776975
153+024+0179,451,276,3.7,65,8,6322,11.47066582,0.01028155647
153+047+0164,475,287,4,70,9,4348,10.12512302,0.01609935603
131+060+0131,481,280,3.9,181,32,5749,11.11308322,0.0314837363
169+007+0152,490,217,3.3,53,5,2767,8.7091048,0.01915431876
187+010+0168,531,339,4.5,95,15,5837,11.16949903,0.01627548398
227+007+0045,550,282,4.3,560,50,1937,7.732982081,0.2891068663
208+009+0135,560,246,3.4,309,52,11167,13.86593954,0.0276708158
210+030+0148,562,242,3.5,75,8,3815,9.693232825,0.01965923984
228+054+0158,566,128,2.6,96,12,8576,12.69790444,0.01119402985
245+029+0096,578,281,4.3,320,48,3241,9.180439521,0.09873495835
218+001+0138,584,337,4.8,148,27,3503,9.421437599,0.04224950043
221+016+0175,596,123,2.6,44,6,4547,10.27729403,0.009676709919
241+027+0169,617,215,3.1,91,15,8386,12.60342988,0.01085141903
256+021+0193,632,171,2.9,20,2,4337,10.1165773,0.004611482592
238+047+0193,384,204,3.2,12,1,1845,7.608562055,0.006504065041
126+019+0099,453,230,3.3,211,25,2935,8.881912671,0.07189097104
141+041+0144,459,253,3.5,72,15,3323,9.257219837,0.02166716822
133+029+0085,474,364,5.1,223,27,1475,7.061567861,0.1511864407
163+047+0177,489,329,4.5,27,3,1897,7.679381453,0.01423299947
174+006+0189,497,259,3.8,35,3,4892,10.5309111,0.007154538021
180-000+0169,519,241,3.2,80,11,7981,12.39717982,0.01002380654
183+026+0166,523,232,3.5,37,4,2759,8.700703391,0.01341065603
179+056+0063,524,372,5.4,283,29,907,6.004906173,0.3120176406
183+063+0131,527,176,2.8,114,21,4977,10.59155381,0.02290536468
216+016+0051,548,231,3.4,517,50,2562,8.488484736,0.2017954723
228+000+0092,568,283,3.9,242,31,2398,8.303353415,0.1009174312
213+022+0156,572,304,4.2,137,23,5341,10.84371237,0.02565062722
132+024+0176,415,95,2.4,62,10,9485,13.13155757,0.006536636795
132+012+0150,423,244,3.3,82,10,4821,10.47971585,0.01700891931
124+022+0095,456,381,5.2,197,25,1031,6.266956574,0.1910766246
160+003+0182,457,191,2.9,43,1,7143,11.94714167,0.006019879602
135+063+0164,477,94,2.4,55,9,5453,10.91898567,0.01008619109
172+034+0195,499,154,2.7,29,3,6096,11.33231879,0.004757217848
192+062+0105,530,392,5.3,145,21,1410,6.956276473,0.1028368794
191+033+0133,539,162,2.7,120,24,4479,10.22580447,0.02679169457
201+057+0118,544,91,2.4,196,25,6186,11.38781584,0.03168444876
193+036+0160,545,352,4.3,82,8,4441,10.1968036,0.01846430984
201+059+0151,546,209,3,99,18,5207,10.75225749,0.01901286729
235+005+0110,590,164,2.7,339,60,7725,12.26318537,0.04388349515
216+032+0195,591,321,4.1,14,3,1695,7.396513105,0.008259587021
238+020+0135,598,336,4.3,88,18,2451,8.364081077,0.03590371277
239+035+0159,601,257,3.4,131,19,7381,12.07838491,0.01774827259
242+030+0158,605,297,4,46,4,2118,7.966711963,0.02171860246
249+028+0144,607,299,3.8,236,41,9780,13.26630818,0.02413087935
244+009+0147,618,258,3.3,162,26,6753,11.72562624,0.02398933807
230+009+0179,619,360,4.9,31,3,2225,8.098671847,0.01393258427
241+024+0175,625,279,3.5,75,9,8150,12.48407397,0.009202453988
124+041+0190,418,313,3.7,24,2,2971,8.918079663,0.008078088186
154+010+0189,440,336,4.7,22,2,2531,8.454109045,0.008692216515
132+029+0104,462,216,3,457,68,9162,12.98077312,0.04987993888
142+055+0191,463,386,4.6,22,1,2134,7.986722626,0.01030927835
138+049+0151,465,204,2.9,83,12,4846,10.49779933,0.01712752786
163+017+0192,469,336,4.1,65,9,8126,12.47180761,0.007999015506
131+062+0121,487,303,3.8,97,16,1965,7.770064939,0.04936386768
153+057+0124,494,226,3.1,100,15,2744,8.684906873,0.03644314869
169+037+0105,511,103,2.4,607,100,16120,15.67083517,0.03765508685
173+049+0168,514,185,2.8,80,12,8448,12.63441386,0.00946969697
178+027+0182,516,177,2.8,51,5,8077,12.44668861,0.006314225579
175+007+0087,520,429,5.5,172,15,944,6.085474706,0.1822033898
225+036+0156,589,319,3.9,49,8,2129,7.980480071,0.02301550023
220-000+0150,592,260,3.2,110,19,5766,11.12402637,0.01907734998
216+019+0187,594,366,4.4,24,5,2366,8.266253324,0.01014370245
253+040+0148,602,247,3.1,161,29,8201,12.51006024,0.01963175223
252+032+0167,624,399,4.7,91,11,4925,10.55453753,0.01847715736
155+009+0190,444,411,4.7,24,3,2453,8.36635547,0.009783938035
143+047+0194,450,224,3.1,14,2,2161,8.020265019,0.006478482184
135+020+0082,471,337,4,286,39,2214,8.085303667,0.1291779584
147+006+0094,476,271,3.3,283,50,3236,9.1757161,0.08745364648
151+062+0136,498,256,3.1,118,19,4679,10.37579729,0.0252190639
159+004+0069,503,349,4.3,265,28,1759,7.488458202,0.1506537806
170+019+0106,509,102,2.4,372,64,8918,12.86450123,0.04171338865
168+002+0077,512,355,4.4,465,46,2771,8.713299433,0.1678094551
177+055+0052,525,375,4.3,494,54,1910,7.69688361,0.2586387435
186+022+0179,529,220,2.9,43,4,6011,11.27940107,0.007153551822
195+019+0064,538,186,2.8,430,60,3848,9.721101656,0.1117463617
213+033+0193,582,451,5.5,13,2,1061,6.327161572,0.01225259189
229+002+0110,586,384,4.7,191,26,2569,8.496208566,0.07434799533
238+029+0176,616,123,2.5,59,6,9333,13.06103376,0.006321654345
236+026+0191,626,248,3.1,21,2,4153,9.971437556,0.005056585601
243+000+0169,629,100,2.4,22,2,2626,8.558586365,0.008377760853
123+013+0189,405,282,3.4,43,5,6780,11.74123268,0.006342182891
132+012+0167,412,113,2.4,62,5,6448,11.54637008,0.009615384615
140+022+0187,419,404,4.7,18,1,1099,6.401813644,0.01637852593
149-000+0170,435,311,3.6,39,6,2785,8.727948937,0.01400359066
159+033+0170,470,291,3.4,55,6,4283,10.07441465,0.01284146626
136+052+0099,488,241,3,241,36,4231,10.03347729,0.05696052943
147+043+0072,500,107,2.4,459,67,5716,11.09177889,0.08030090973
188+050+0184,533,337,3.9,19,2,1844,7.60718718,0.01030368764
193+063+0132,537,207,2.8,208,37,8899,12.8553587,0.02337341274
223+027+0126,575,143,2.5,260,42,10673,13.65838342,0.02436053593
219-000+0180,597,155,2.6,46,6,6702,11.69603353,0.006863622799
238+016+0193,631,114,2.4,16,0,4127,9.950585137,0.003876908166
142+022+0166,431,161,2.6,28,4,3436,9.360984266,0.008149010477
126+048+0183,432,464,4.9,23,2,1912,7.699569194,0.0120292887
153+023+0192,446,396,4.1,23,5,2872,8.817902153,0.008008356546
131+046+0151,452,419,4.7,33,5,1029,6.262901603,0.03206997085
130+041+0127,455,289,3.3,163,26,5044,10.63886969,0.03231562252
140+059+0192,468,363,3.9,17,2,1973,7.780595279,0.008616320324
159+046+0181,478,416,4.5,31,0,2774,8.716442759,0.01117519827
171+058+0180,513,329,3.4,64,8,7569,12.18007508,0.008455542344
186+063+0106,528,472,5.3,101,16,1166,6.529350469,0.08662092624
214+001+0054,549,373,4,778,78,2870,8.815854811,0.2710801394
208+036+0146,555,294,3.4,50,10,2155,8.012835404,0.02320185615
223+006+0128,588,282,3.1,273,46,8751,12.78369376,0.03119643469
246+000+0164,630,117,2.4,32,6,2470,8.385638082,0.01295546559
132+027+0192,411,304,3.3,15,2,2725,8.664815089,0.005504587156
143+008+0194,416,150,2.5,23,3,5770,11.1265981,0.003986135182
149+007+0178,434,250,2.9,66,11,7776,12.29011314,0.008487654321
123+007+0111,436,271,3.1,269,37,5451,10.91765059,0.04934874335
125+055+0184,447,288,3.2,46,4,7138,11.94435341,0.00644438218
148+057+0190,472,126,2.4,28,2,6203,11.39823808,0.004513944865
145+056+0173,473,346,3.8,45,5,3077,9.022903148,0.01462463438
161+047+0143,492,287,3.2,66,7,3076,9.021925585,0.02145643693
171+037+0156,504,340,3.6,105,18,5577,11.00113122,0.01882732652
178+022+0187,515,122,2.4,30,3,6250,11.42695374,0.0048
190-001+0170,542,134,2.4,65,6,8233,12.52631038,0.00789505648
194+029+0166,547,420,4.4,39,8,1950,7.750243259,0.02
203+045+0161,551,286,3.1,101,12,7802,12.30379573,0.01294539862
223+054+0098,552,286,3.3,143,12,2072,7.908614025,0.06901544402
208+012+0190,579,125,2.4,30,3,6683,11.68497042,0.004489001945
218+020+0172,593,174,2.6,99,13,12175,14.27118777,0.008131416838
136+006+0183,647,290,3.1,50,3,7255,12.0092606,0.006891798759
212+054+0158,871,425,4.3,79,13,3475,9.396268101,0.02273381295
124+014+0178,408,323,3.4,83,8,7840,12.32373879,0.01058673469
149+019+0172,441,449,4.6,23,1,1249,6.680740606,0.01841473179
115+044+0132,445,181,2.6,135,21,6292,11.452493,0.02145581691
189+053+0195,535,128,2.4,16,2,3728,9.618981692,0.004291845494
208+046+0062,543,398,4,414,55,2063,7.89714671,0.2006786234
206+005+0127,554,284,3.1,136,29,3924,9.784683819,0.03465851172
212+030+0175,574,311,3.3,22,1,2203,8.071891135,0.009986382206
118+017+0168,642,219,2.7,95,11,9088,12.94573074,0.01045334507
129+030+0172,661,458,4.6,51,10,2758,8.699652074,0.01849166062
147+029+0113,722,425,4.2,227,30,2706,8.644629694,0.08388765706
182-002+0177,799,434,4.3,28,0,2149,8.005391985,0.01302931596
187+022+0160,825,475,4.7,57,11,1982,7.792407942,0.02875882947
197+049+0181,847,495,4.8,44,4,2582,8.51051568,0.01704105345
210+010+0173,913,411,4,39,6,2500,8.419451505,0.0156
219+030+0160,918,360,3.6,50,5,2555,8.480746824,0.01956947162
238+033+0129,933,161,2.5,311,61,12202,14.28172952,0.02548762498
139+057+0196,458,360,3.9,30,3,3678,9.575784677,0.008156606852
172+058+0195,510,268,3,9,1,1810,7.560142622,0.004972375691
122+038+0183,654,496,4.6,21,4,1428,6.985752573,0.01470588235
123+037+0176,660,479,4.6,19,1,1348,6.852784809,0.01409495549
126+038+0168,667,344,3.3,36,6,3397,9.32543242,0.01059758611
157+026+0194,696,139,2.4,26,3,5554,10.9859872,0.004681310767
146+001+0122,700,196,2.6,270,48,9148,12.97415799,0.02951464801
152+036+0157,713,360,3.5,47,7,2089,7.930184233,0.02249880326
151+025+0117,727,429,4.2,113,21,1507,7.112269658,0.07498341075
153+063+0177,744,138,2.4,28,1,3901,9.765529141,0.007177646757
172+055+0184,764,232,2.8,33,5,5780,11.13302223,0.005709342561
175+010+0106,776,440,4,209,30,3390,9.319022557,0.0616519174
179+014+0166,778,452,4.3,40,8,2304,8.193408759,0.01736111111
178+057+0154,795,434,3.8,128,20,6397,11.51584773,0.0200093794
189+003+0086,827,539,5,405,58,2238,8.114413923,0.1809651475
189+044+0188,829,366,3.6,25,2,3647,9.548805589,0.006854949273
189+002+0150,832,213,2.7,149,27,9047,12.92623341,0.01646954792
197+038+0182,855,235,2.8,32,5,4016,9.860562684,0.00796812749
197+007+0171,861,252,2.9,36,5,3555,9.467827397,0.01012658228
204+010+0156,878,378,3.5,74,10,4326,10.10801711,0.01710587147
223+050+0131,879,320,3.2,242,42,8153,12.48560557,0.02968232552
227+025+0181,951,441,4.1,31,4,2872,8.817902153,0.01079387187
129+020+0175,645,176,2.5,92,10,15297,15.39947396,0.00601425116
135+017+0181,649,485,4.1,22,3,1978,7.787162293,0.0111223458
147+005+0162,680,338,3.3,82,12,6039,11.29688758,0.01357840702
120+052+0133,705,264,2.8,169,25,8264,12.54201261,0.02045014521
156+030+0181,707,362,3.5,30,4,3121,9.065707857,0.009612303749
152+017+0127,717,359,3.5,153,26,3537,9.451820896,0.04325699746
157+008+0142,719,512,4.6,52,8,1188,6.570159969,0.04377104377
166+005+0187,732,193,2.6,43,6,7671,12.23454411,0.005605527311
171+011+0164,753,466,4.4,25,3,1078,6.360775249,0.02319109462
172+045+0177,762,318,3.1,41,3,4339,10.11813214,0.009449181839
176+003+0128,769,399,3.7,76,11,2009,7.827632766,0.03782976605
175+044+0165,773,225,2.7,65,12,5559,10.98928293,0.01169275049
180+040+0183,793,458,4.5,49,2,3369,9.299739866,0.01454437519
181+014+0147,798,543,4.8,42,6,878,5.94021233,0.04783599089
177+054+0059,804,532,4.9,249,23,879,5.94246668,0.2832764505
200+011+0090,845,418,3.8,218,34,2163,8.022738501,0.1007859454
216+032+0130,896,146,2.4,250,41,11279,13.91214181,0.02216508556
220+039+0182,923,325,3.2,33,6,3694,9.589650086,0.008933405522
226+042+0169,924,282,3,45,4,3483,9.40347314,0.01291989664
237+031+0191,967,483,4.2,27,0,3610,9.516403854,0.007479224377
244+006+0153,968,343,3.3,148,19,10390,13.53658078,0.01424446583
124+023+0181,643,453,3.7,24,1,2570,8.497310825,0.009338521401
117+019+0155,646,214,2.6,94,15,6890,11.80438967,0.01364296081
133+034+0191,658,382,3.3,15,1,2527,8.449653064,0.005935892362
158+015+0186,697,384,3.5,24,1,3220,9.160568378,0.007453416149
159+021+0192,702,136,2.4,10,2,2320,8.212331248,0.004310344828
177+029+0195,768,269,2.8,16,1,3486,9.406172185,0.004589787722
176+057+0192,784,322,3,37,2,6774,11.73776817,0.005462060821
175+046+0117,786,448,3.9,134,30,2201,8.069447698,0.06088141754
172+066+0145,789,140,2.4,51,6,3047,8.993483626,0.01673777486
181+012+0157,792,338,3.2,36,7,2044,7.872827952,0.01761252446
180+058+0103,806,365,3.3,224,41,3522,9.43844061,0.06360022714
196+008+0177,858,268,2.9,27,3,3010,8.956932378,0.008970099668
221+033+0088,874,238,2.7,536,83,8006,12.4101108,0.06694978766
218+055+0155,875,475,4.3,66,12,2067,7.902247403,0.03193033382
215+050+0182,893,515,4.4,23,3,1625,7.293258139,0.01415384615
232+003+0087,900,439,3.7,496,63,4774,10.44554895,0.1038961039
214+021+0193,930,521,4.4,29,1,2805,8.748791879,0.01033868093
246+033+0121,934,154,2.4,232,34,8104,12.46054222,0.0286278381
222+005+0160,940,344,3.2,37,6,2568,8.495106021,0.01440809969
250+042+0171,954,416,3.7,33,5,2411,8.318331052,0.01368726669
172+001+0195,491,132,2.4,10,0,2924,8.870802693,0.00341997264
181+022+0195,521,130,2.4,12,1,1986,7.797646537,0.006042296073
184+027+0195,526,286,3.2,23,3,3320,9.254433197,0.006927710843
130+007+0196,635,142,2.4,17,2,3655,9.555782525,0.004651162791
118+034+0140,672,520,4.4,37,6,1145,6.489914258,0.03231441048
120+039+0096,712,155,2.4,485,74,10135,13.42492025,0.04785397139
159+001+0129,731,387,3.4,162,27,5221,10.76188536,0.03102853859
161+035+0159,735,367,3.2,95,16,6148,11.36444985,0.01545217957
167+032+0165,741,348,3.2,38,4,2603,8.53352607,0.01459854015
166+031+0148,749,149,2.4,45,6,3478,9.398971285,0.01293847039
179+026+0158,785,490,4,31,5,1362,6.876426935,0.02276064611
182+015+0086,809,587,5,245,30,980,6.161869393,0.25
183+031+0178,810,474,4,18,3,1437,7.000397799,0.01252609603
196+011+0086,840,401,3.4,311,52,3277,9.214305575,0.0949038755
223+016+0045,849,302,3,532,59,2858,8.803550741,0.1861441568
246+023+0063,881,181,2.5,757,93,7464,12.12349043,0.1014201501
213-001+0150,912,442,3.7,43,4,1891,7.671276558,0.02273929138
231+018+0128,935,399,3.4,95,16,2444,8.356110943,0.03887070376
259+027+0105,936,223,2.6,197,33,4014,9.858925533,0.04907822621
235+001+0167,965,310,3,96,15,7724,12.26265619,0.01242879337
125+026+0181,644,185,2.5,26,1,3647,9.548805589,0.007129147244
140+009+0190,651,480,3.7,39,6,4033,9.874456575,0.009670220679
128+039+0173,669,395,3.3,24,2,1944,7.742286124,0.01234567901
145+016+0162,681,529,4.5,34,4,1602,7.258685291,0.02122347066
122+016+0101,690,512,4.1,213,38,2333,8.227641811,0.09129875697
147+030+0154,694,260,2.7,104,18,6828,11.76887548,0.01523140012
130+038+0122,699,156,2.4,184,30,5640,11.04240059,0.03262411348
144+037+0149,703,430,3.6,118,19,5390,10.87677268,0.02189239332
179+024+0189,777,577,4.5,24,4,1921,7.711631202,0.01249349297
179+061+0149,800,471,3.8,84,17,4078,9.91104704,0.02059833252
191+037+0166,837,560,4.3,37,5,1569,7.20849793,0.0235818993
196+024+0149,850,165,2.4,124,18,8178,12.49835432,0.01516263145
224+047+0087,865,160,2.4,283,39,4198,10.00732356,0.06741305384
214+038+0138,884,253,2.7,136,24,6583,11.62639522,0.02065927389
204+017+0174,886,450,3.7,23,5,1806,7.554569348,0.01273532669
230+028+0127,922,542,4.3,79,12,1490,7.08542469,0.05302013423
218+003+0146,925,331,3,64,9,3474,9.395366694,0.01842256765
225+028+0181,945,526,4.1,28,2,2196,8.063332625,0.01275045537
234+015+0147,947,384,3.2,119,25,4807,10.46956179,0.0247555648
239+008+0186,971,316,3,43,7,6417,11.52783655,0.0067009506
118+031+0158,657,166,2.4,167,16,16510,15.79620718,0.01011508177
140+025+0182,664,495,3.9,18,1,1505,7.109121939,0.01196013289
117+036+0135,674,600,4.4,66,13,1697,7.399421112,0.03889216264
124+054+0117,725,257,2.7,190,29,6176,11.3816762,0.0307642487
138+048+0117,729,355,3,273,59,7734,12.26794592,0.03529868115
173+008+0189,751,509,3.8,23,2,2875,8.820971385,0.008
146+054+0048,779,427,3.3,1431,179,6111,11.34160605,0.234167894
178+026+0110,790,174,2.4,238,40,6523,11.59096487,0.03648627932
183+021+0133,813,410,3.3,77,14,2807,8.750870718,0.02743142145
183+059+0095,814,360,3.2,126,19,1676,7.36877227,0.07517899761
186+032+0059,817,219,2.6,438,55,4123,9.947369305,0.1062333252
194+040+0158,842,528,4,79,12,2892,8.838323491,0.02731673582
198+007+0093,843,488,3.8,256,42,2493,8.411586004,0.1026875251
201+049+0178,856,621,4.8,17,2,838,5.848598427,0.02028639618
199+016+0162,866,320,2.9,85,9,6885,11.80153354,0.01234567901
217+058+0137,867,459,3.5,97,19,3331,9.264642689,0.02912038427
214+020+0109,880,378,3.2,179,36,3077,9.022903148,0.05817354566
210+023+0162,899,539,4.2,35,4,1466,7.047176039,0.0238744884
233+006+0127,938,374,3.1,207,42,6678,11.68205559,0.03099730458
250+043+0182,959,550,4,24,4,1536,7.157601832,0.015625
134+010+0164,655,172,2.4,89,15,9036,12.9209924,0.009849490925
121+029+0129,675,177,2.4,175,34,6375,11.50263114,0.02745098039
159+008+0174,708,536,3.9,54,8,3727,9.618121549,0.01448886504
131+061+0195,709,169,2.4,12,0,2457,8.370900551,0.004884004884
163+038+0146,740,395,3.2,64,9,3122,9.066676002,0.02049967969
169+002+0153,742,434,3.3,86,16,4926,10.55525183,0.01745838408
171+060+0170,770,294,2.8,64,9,6314,11.46582536,0.01013620526
180+050+0174,797,240,2.6,44,5,6271,11.43973762,0.007016424813
183+012+0148,807,664,4.8,49,7,1235,6.655685357,0.03967611336
183-002+0111,812,170,2.4,118,20,2820,8.764359157,0.04184397163
196+031+0167,851,623,4.4,25,5,1109,6.421172134,0.02254283138
197+019+0144,853,341,3,63,11,2974,8.921080363,0.02118359112
206+052+0141,854,615,4.4,44,9,1403,6.944745802,0.0313613685
240+053+0065,857,387,3.1,446,54,2614,8.545529767,0.1706197399
212+037+0152,888,447,3.4,71,13,3355,9.286840181,0.02116244411
237+008+0072,891,449,3.3,352,64,2882,8.828124632,0.1221374046
237+055+0145,901,648,4.5,44,11,919,6.031272729,0.0478781284
237+053+0145,906,604,4.5,57,8,1327,6.817012723,0.04295403165
223+049+0171,909,694,5.1,18,3,563,5.122397323,0.03197158082
207-001+0191,910,440,3.4,30,3,3775,9.659236113,0.007947019868
220+014+0135,920,368,3.1,74,15,2578,8.506118616,0.02870442203
244+030+0135,943,175,2.4,79,15,4000,9.847450218,0.01975
227+002+0174,955,549,3.9,37,9,2221,8.093815799,0.01665916254
250+037+0190,970,522,4,14,2,1223,6.634058282,0.01144726083
223+034+0157,1348,577,3.8,93,20,5168,10.72534568,0.01799535604
125+009+0177,638,295,2.8,16,2,2298,8.186290242,0.006962576153
113+046+0196,653,355,3.1,11,1,1907,7.692851716,0.005768222339
138+025+0157,673,239,2.6,96,16,7573,12.18222031,0.01267661429
134+042+0159,687,502,3.6,41,3,1955,7.756861745,0.02097186701
125+053+0168,691,423,3.2,22,0,2046,7.875394899,0.01075268817
149+042+0180,701,173,2.4,14,3,2151,8.007874662,0.006508600651
126+007+0081,711,187,2.4,302,45,4020,9.863835357,0.07512437811
162+039+0119,756,497,3.5,256,47,5353,10.85182741,0.04782365029
175+062+0192,780,269,2.7,35,3,7170,11.96217584,0.004881450488
176+016+0070,794,353,3,406,60,3629,9.533070094,0.11187655
186+018+0170,821,688,4.7,27,5,697,5.500236827,0.0387374462
187+057+0177,822,209,2.5,60,7,8284,12.55212225,0.007242877837
230+048+0074,859,386,3.1,550,91,4705,10.39498035,0.1168969182
200+023+0181,872,242,2.6,30,3,4388,10.15607743,0.006836827712
204+031+0195,883,181,2.4,22,1,4661,10.36247505,0.004720017164
211+013+0135,897,396,3.2,118,21,4727,10.41115705,0.02496297863
215+026+0149,908,476,3.5,70,15,3240,9.179495226,0.02160493827
216+015+0142,911,377,3.1,48,9,2044,7.872827952,0.02348336595
224+011+0123,916,388,3.1,149,22,3837,9.711829812,0.03883242116
137+016+0181,994,602,3.9,22,1,1965,7.770064939,0.01119592875
127+004+0174,641,347,2.9,50,6,6586,11.62816107,0.007591861524
114+031+0166,648,184,2.4,34,4,3443,9.367336851,0.009875108917
129+019+0123,682,211,2.5,67,12,2553,8.478533396,0.02624363494
120+013+0109,684,616,4.1,112,17,1324,6.811871685,0.08459214502
136+017+0127,688,194,2.4,217,38,9254,13.0240772,0.02344931921
129+026+0088,716,750,5.1,150,14,547,5.073405465,0.2742230347
138+015+0090,721,251,2.6,174,28,2655,8.589976427,0.06553672316
176+028+0147,774,404,3.1,65,11,3604,9.511128684,0.01803551609
178+044+0072,803,442,3.3,328,53,2425,8.334400725,0.135257732
196+039+0110,839,291,2.7,162,26,4265,10.06028171,0.03798358734
198-001+0181,870,603,4,22,2,1721,7.434140311,0.01278326554
206+024+0172,889,548,3.7,21,1,1416,6.966129569,0.01483050847
213+027+0141,895,391,3.1,73,12,2885,8.831186763,0.02530329289
209+030+0184,902,180,2.4,25,1,3272,9.209616837,0.007640586797
220+033+0182,931,190,2.4,26,2,3644,9.546186608,0.007135016465
245+024+0146,957,563,3.8,60,9,2371,8.272072172,0.02530577815
124+015+0133,1005,381,3,106,14,4219,10.02398263,0.02512443707
138+041+0154,1045,507,3.5,88,14,3760,9.64642544,0.02340425532
162+036+0170,1107,333,2.8,25,6,2351,8.24874744,0.01063377286
173+017+0156,1141,743,4.8,41,6,1109,6.421172134,0.03697024346
178-000+0133,1178,671,4.4,104,21,2107,7.952896102,0.0493592786
181+016+0177,1187,646,4.3,37,6,1958,7.760827421,0.0188968335
196+016+0182,1264,231,2.5,25,2,4225,10.02873221,0.005917159763
217+020+0123,1315,560,3.7,118,19,2227,8.101097689,0.05298607993
231+054+0188,1345,202,2.4,20,2,3968,9.821120012,0.005040322581
220+013+0193,1391,198,2.4,36,5,7214,11.98659531,0.004990296645
133+000+0108,693,186,2.4,96,10,2157,8.015313473,0.04450625869
227+004+0166,952,374,3,27,3,2206,8.075553518,0.01223934723
123+049+0156,1035,244,2.5,110,11,10357,13.52223427,0.01062083615
157+037+0107,1121,528,3.5,125,22,2115,7.962948754,0.05910165485
170+062+0111,1183,600,3.7,256,47,4422,10.1822411,0.0578923564
184+022+0141,1196,484,3.3,91,16,3652,9.553167369,0.02491785323
184+034+0178,1197,644,4.1,19,3,1143,6.486133358,0.01662292213
186+062+0171,1201,232,2.5,36,6,4223,10.02714951,0.008524745442
202+045+0186,1270,583,3.8,11,1,1297,6.765249049,0.008481110254
197-000+0189,1274,622,4,19,1,2245,8.122865185,0.00846325167
201+036+0180,1275,501,3.3,32,1,3595,9.503204941,0.008901251739
229+019+0089,1310,573,3.7,190,36,1593,7.245066713,0.1192718142
241+010+0172,1424,263,2.6,38,5,4734,10.41629365,0.008027038445
123+009+0180,978,341,2.8,19,1,2029,7.853522264,0.009364218827
131+022+0155,1001,208,2.4,40,7,2763,8.704906123,0.01447701773
150+019+0189,1016,376,2.9,30,3,4434,10.19144331,0.006765899865
120+048+0160,1023,223,2.4,47,9,3783,9.6660546,0.01242400211
148+012+0130,1063,211,2.4,81,13,3755,9.642147646,0.02157123835
156+001+0150,1068,589,3.7,39,6,1395,6.931520831,0.02795698925
126+056+0137,1078,614,3.9,50,8,1212,6.614108833,0.04125412541
155+020+0136,1084,243,2.5,117,19,5617,11.02736979,0.02082962435
165+040+0152,1124,560,3.6,52,13,1893,7.673980092,0.02746962493
172+027+0192,1126,214,2.4,14,2,3200,9.141562995,0.004375
171+017+0143,1134,403,3,52,8,1972,7.779280545,0.02636916836
177+001+0159,1161,290,2.6,53,10,4335,10.11502198,0.0122260669
176+061+0184,1182,276,2.6,42,5,6076,11.31991203,0.006912442396
169+029+0046,1184,205,2.4,606,70,3808,9.687300613,0.1591386555
180+049+0161,1188,245,2.5,70,13,6617,11.64637693,0.01057881215
246+014+0050,1283,210,2.4,436,44,2428,8.337836175,0.1795716639
219+024+0087,1284,510,3.4,124,15,1347,6.851089833,0.09205642168
210+004+0157,1323,199,2.4,35,3,2552,8.477426249,0.01371473354
225+034+0158,1358,681,3.9,48,8,1945,7.743613449,0.02467866324
132+040+0184,1007,637,3.8,14,3,1454,7.027895023,0.009628610729
126+053+0188,1026,545,3.4,13,0,1549,7.177738017,0.008392511298
155+023+0149,1074,233,2.4,61,10,3826,9.70254023,0.01594354417
130+051+0115,1095,437,3,254,47,5959,11.24678152,0.04262460144
152+043+0143,1101,432,3,106,19,4199,10.0081181,0.02524410574
132+033+0066,1113,224,2.4,510,75,5061,10.6508085,0.1007705987
165+025+0144,1116,672,3.9,42,6,1229,6.644889417,0.03417412531
150+010+0079,1117,464,3.1,399,63,3626,9.530442456,0.11003861
166+030+0072,1158,562,3.4,262,33,1785,7.52517384,0.1467787115
176-002+0122,1164,300,2.6,128,23,4218,10.02319059,0.03034613561
220+003+0028,1221,696,4.1,589,67,952,6.102616979,0.618697479
193-002+0173,1246,519,3.3,30,3,2790,8.733169003,0.01075268817
244+049+0057,1258,219,2.4,330,35,2734,8.674343852,0.1207022677
240+053+0107,1302,227,2.4,200,33,4779,10.44919435,0.04184975936
204+005+0189,1316,206,2.4,11,1,2021,7.84318697,0.005442850074
233+024+0090,1317,477,3.2,188,30,2226,8.09988495,0.08445642408
221+038+0160,1336,388,2.9,26,4,2169,8.030149811,0.01198709083
236+033+0114,1339,622,3.7,117,19,1758,7.487038858,0.06655290102
223+045+0175,1340,410,3,18,3,1482,7.072721078,0.01214574899
219+024+0157,1352,583,3.5,73,11,3628,9.532194376,0.02012127894
245+026+0112,1362,302,2.6,185,33,4601,10.31781828,0.04020865029
259+032+0108,1364,545,3.3,128,25,2100,7.944079136,0.06095238095
220+029+0178,1367,557,3.3,36,4,3752,9.639579146,0.009594882729
232+034+0179,1390,216,2.4,28,2,3585,9.494385256,0.007810320781
243+014+0189,1436,218,2.4,19,1,2854,8.799441732,0.006657323055
131+034+0175,999,651,3.6,17,5,1457,7.032725193,0.01166781057
142+000+0149,1017,563,3.2,54,10,2648,8.582420526,0.02039274924
144-000+0151,1021,570,3.4,72,12,3049,8.99545092,0.02361429977
152+014+0169,1039,254,2.5,37,4,3830,9.705920317,0.009660574413
153+007+0163,1043,590,3.5,43,7,2147,8.002907767,0.02002794597
147+007+0127,1054,361,2.8,66,11,1669,7.358499123,0.03954463751
142+035+0113,1082,388,2.8,130,21,3001,8.94799629,0.0433188937
167+011+0170,1110,862,4.5,24,2,1314,6.794678599,0.01826484018
163+054+0177,1127,570,3.5,22,3,2158,8.016551933,0.01019462465
154+040+0092,1132,278,2.5,371,58,6951,11.83912374,0.05337361531
179+008+0164,1171,344,2.7,35,7,2803,8.746712052,0.01248662148
179+030+0081,1191,344,2.6,668,119,7991,12.40235544,0.0835940433
185+000+0170,1199,229,2.4,20,3,2404,8.310272879,0.008319467554
206+020+0125,1277,355,2.7,239,34,7283,12.02469031,0.03281614719
234+036+0065,1278,622,3.6,482,68,2954,8.901037428,0.163168585
204-000+0146,1293,619,3.6,35,5,1728,7.444205891,0.02025462963
212+004+0134,1312,625,3.6,65,11,1744,7.467111284,0.0372706422
234+023+0125,1366,705,3.9,103,21,2501,8.420573949,0.04118352659
237+028+0189,1415,458,3.1,14,2,1597,7.25112573,0.00876643707
238+010+0190,1431,417,2.9,15,2,2293,8.180348674,0.006541648495
260+026+0175,1433,226,2.4,29,3,3493,9.412463941,0.008302318924
248+020+0192,1439,397,2.8,13,2,2473,8.389031704,0.00525677315
155+059+0195,736,151,2.4,13,0,3772,9.656676697,0.003446447508
127+013+0170,986,643,3.4,73,7,5665,11.05869215,0.01288614298
122+007+0100,1036,353,2.7,148,21,2151,8.007874662,0.06880520688
166+002+0158,1108,630,3.5,54,7,2879,8.825060375,0.01875651268
165+015+0091,1145,645,3.5,562,91,4558,10.28557489,0.1232996928
188+013+0180,1213,237,2.4,17,2,2456,8.369764743,0.006921824104
200+056+0135,1228,674,3.7,70,11,1677,7.370237526,0.04174120453
203+065+0160,1232,385,2.8,57,10,3514,9.431288919,0.01622083096
194+017+0174,1247,241,2.4,29,1,3676,9.574048675,0.007889009793
205+054+0142,1249,866,4.4,40,5,682,5.460493843,0.05865102639
223+018+0059,1265,413,2.9,605,62,4406,10.16994555,0.1373127553
200+001+0138,1268,509,3,171,35,7286,12.02634115,0.02346966786
216+058+0181,1288,234,2.4,22,2,2772,8.71434746,0.007936507937
226+007+0092,1311,744,3.9,200,30,1453,7.02628349,0.1376462491
235+017+0089,1324,671,3.7,175,19,1432,6.992269137,0.1222067039
210+022+0184,1334,231,2.4,10,3,1921,7.711631202,0.005205622072
213+002+0169,1346,783,3.9,26,5,1194,6.581202275,0.02177554439
214+008+0183,1361,694,3.8,28,2,1927,7.719651625,0.01453035807
215+001+0192,1371,415,2.9,16,2,2370,8.270909057,0.006751054852
237+026+0145,1384,576,3.4,71,9,3128,9.072480534,0.02269820972
235+019+0195,1422,215,2.4,8,0,1408,6.952985897,0.005681818182
246+027+0188,1429,248,2.4,18,3,2872,8.817902153,0.006267409471
259+032+0188,1435,247,2.4,21,3,3769,9.654115924,0.0055717697
117+023+0196,976,200,2.4,8,1,1379,6.904918427,0.005801305294
134+022+0193,989,261,2.4,17,1,3312,9.246993938,0.005132850242
133+050+0191,1029,257,2.4,27,1,4968,10.58516566,0.005434782609
128+050+0173,1033,357,2.6,46,3,5796,11.14328545,0.007936507937
134+015+0101,1061,365,2.6,344,60,6879,11.79810436,0.0500072685
159+028+0177,1072,246,2.4,26,4,2856,8.801496716,0.009103641457
162+013+0178,1077,609,3.5,22,1,1850,7.615428992,0.01189189189
160+000+0116,1111,411,2.8,86,12,2430,8.340124903,0.0353909465
159+011+0095,1125,681,3.5,207,36,2331,8.225290048,0.0888030888
157+003+0073,1130,889,4.3,174,20,640,5.34601847,0.271875
164+060+0196,1135,385,2.9,12,2,2740,8.680684749,0.004379562044
169+024+0103,1149,250,2.4,262,45,5693,11.07688189,0.04602142983
176-002+0131,1163,355,2.6,61,9,2604,8.534618711,0.02342549923
177+042+0174,1165,498,3.1,35,4,2309,8.199331422,0.01515807709
179+055+0081,1194,494,3,495,60,5763,11.12209679,0.08589276419
183+045+0114,1195,279,2.4,185,33,5159,10.71911605,0.03585966273
186+051+0174,1203,349,2.6,40,2,4808,10.47028773,0.008319467554
189+056+0105,1206,464,2.9,146,20,2638,8.571603246,0.0553449583
189-000+0136,1214,398,2.7,64,11,2959,8.906056623,0.02162892869
192+031+0165,1224,693,3.6,25,6,1512,7.12012679,0.01653439153
204+054+0107,1231,258,2.4,249,42,6258,11.43182716,0.03978906999
197+032+0125,1241,251,2.4,85,13,3461,9.383632628,0.0245593759
200+025+0135,1256,446,2.8,162,29,6765,11.73256756,0.02394678492
204+029+0116,1263,326,2.6,139,29,4101,9.929644952,0.03389417215
199+017+0153,1269,665,3.5,28,6,1332,6.825563927,0.02102102102
208+046+0150,1276,520,3.1,37,7,2215,8.086520784,0.01670428894
228+017+0074,1290,487,3,288,52,2620,8.552063049,0.1099236641
219+045+0126,1294,432,2.9,90,15,2283,8.168439574,0.0394218134
219+038+0171,1338,503,3,37,4,4065,9.900504227,0.009102091021
221+042+0179,1343,931,4.4,13,2,763,5.668636944,0.01703800786
230+022+0135,1365,280,2.5,86,14,3624,9.528689893,0.02373068433
251+023+0121,1381,267,2.4,71,14,2362,8.26159234,0.0300592718
221+000+0172,1382,327,2.6,16,2,2147,8.002907767,0.007452258966
227+012+0161,1385,265,2.4,32,5,2914,8.860678509,0.01098146877
218+003+0192,1387,269,2.4,14,3,2772,8.71434746,0.005050505051
240+037+0185,1407,742,3.7,11,1,1177,6.549818786,0.009345794393
126+013+0138,1004,515,3,55,8,1782,7.520955692,0.03086419753
115+033+0125,1019,253,2.4,51,6,1898,7.680730606,0.02687038988
133+035+0143,1030,278,2.4,64,8,3654,9.554910966,0.017515052
158+000+0188,1047,676,3.6,22,3,2920,8.866755794,0.007534246575
149+023+0148,1052,451,2.8,45,5,2476,8.392422582,0.01817447496
154+011+0154,1064,405,2.7,29,3,1906,7.691506812,0.01521511018
165+021+0189,1092,784,3.9,12,3,1078,6.360775249,0.01113172542
164+051+0162,1128,443,2.8,52,9,4097,9.926415537,0.01269221381
167+056+0180,1142,671,3.5,14,1,1100,6.403754764,0.01272727273
168+031+0119,1147,445,2.8,123,23,2755,8.696496596,0.044646098
172+043+0155,1151,262,2.4,46,5,3282,9.218989545,0.014015844
171+024+0115,1152,259,2.4,77,16,2193,8.059659124,0.03511171911
191+054+0085,1208,260,2.4,151,17,2105,7.950378964,0.07173396675
203+036+0060,1220,894,4.2,235,31,774,5.695748229,0.3036175711
191+010+0183,1230,404,2.7,26,2,3125,9.069579196,0.00832
199+037+0107,1236,410,2.7,176,28,2896,8.842396452,0.06077348066
197+040+0159,1244,574,3.3,26,3,1111,6.425029853,0.02340234023
209+049+0106,1250,273,2.4,99,14,2371,8.272072172,0.04175453395
209+044+0126,1267,274,2.4,86,12,2857,8.802523848,0.03010150508
201+018+0177,1285,658,3.4,24,2,2229,8.103522079,0.01076716016
218+017+0090,1295,745,3.9,198,30,1727,7.442769617,0.1146496815
211+038+0164,1306,677,3.5,37,5,1743,7.465683811,0.02122776822
206+018+0164,1307,448,2.8,39,5,3141,9.085031603,0.01241642789
205+002+0163,1308,906,4.3,23,3,669,5.42557581,0.03437967115
206+026+0193,1313,263,2.4,19,2,2862,8.807655918,0.006638714186
217+043+0160,1318,270,2.4,22,3,2255,8.134907998,0.009756097561
214+007+0142,1328,447,2.8,71,5,3203,9.144418841,0.0221667187
213+020+0193,1356,781,3.8,16,0,1184,6.56277776,0.01351351351
222+036+0195,1370,277,2.4,17,0,3578,9.488201714,0.004751257686
231+028+0148,1373,320,2.5,48,7,3282,9.218989545,0.01462522852
231+028+0160,1379,284,2.5,23,5,1705,7.411030342,0.01348973607
230+023+0159,1383,275,2.4,45,7,3914,9.77636492,0.01149718958
223+014+0183,1393,714,3.6,17,1,1197,6.58670956,0.0142021721
238+024+0155,1398,346,2.6,32,5,1879,7.655015192,0.01703033528
250+031+0184,1428,315,2.5,33,2,5100,10.67809685,0.006470588235
245+010+0180,1434,740,3.8,13,2,1045,6.295195575,0.01244019139
126+007+0188,977,290,2.4,18,3,4025,9.867923147,0.004472049689
121+026+0174,988,345,2.5,32,2,4155,9.97303798,0.00770156438
149+012+0193,1009,675,3.4,10,0,1179,6.553526581,0.008481764207
140+011+0157,1010,585,3.1,55,5,3088,9.033642385,0.01781088083
148+022+0177,1022,642,3.3,22,2,1712,7.421158666,0.01285046729
143+043+0149,1065,672,3.3,47,4,1910,7.69688361,0.02460732984
162+022+0186,1080,773,3.7,12,2,917,6.026894308,0.01308615049
162+017+0156,1099,292,2.4,56,9,4151,9.969836619,0.01349072513
171+013+0196,1118,330,2.7,7,1,1772,7.506860914,0.0039503386
169+047+0187,1133,569,3.1,12,0,1607,7.266229139,0.007467330429
173-002+0147,1144,374,2.6,42,6,2447,8.359528576,0.01716387413
139+017+0029,1157,281,2.4,575,65,2609,8.540077724,0.2203909544
178+004+0149,1170,567,3.1,27,4,1363,6.878109447,0.01980924431
181+042+0158,1190,283,2.4,34,5,2722,8.661634173,0.01249081558
186+036+0187,1205,611,3.2,13,2,1579,7.22377993,0.008233058898
191+050+0150,1211,409,2.7,34,7,1838,7.598927469,0.01849836779
197+061+0196,1227,336,2.8,26,2,6043,11.29938123,0.004302498759
206+057+0129,1245,377,2.6,65,11,3017,8.963870361,0.02154458071
194+020+0183,1248,311,2.4,25,2,3652,9.553167369,0.006845564074
245+009+0099,1359,369,2.6,111,20,2111,7.957925602,0.05258171483
243+045+0176,1388,314,2.4,28,3,3594,9.502323709,0.007790762382
244+036+0158,1394,285,2.4,24,4,1891,7.671276558,0.01269169751
231+010+0161,1400,288,2.4,40,7,3169,9.111947524,0.01262227832
253+026+0150,1410,615,3.2,57,9,2553,8.478533396,0.0223266745
246+024+0168,1420,293,2.4,52,8,4936,10.56238955,0.01053484603
121+007+0173,979,399,2.6,35,4,3740,9.629291434,0.00935828877
140+016+0178,997,710,3.4,16,3,1299,6.768724647,0.01231716705
123+051+0178,1020,414,2.6,43,3,5396,10.88080709,0.007968865827
152+004+0162,1042,618,3.2,23,3,1759,7.488458202,0.01307561114
144+010+0131,1044,902,4,60,13,1058,6.321192548,0.05671077505
151+028+0160,1056,516,2.9,29,5,1477,7.064758089,0.01963439404
156+041+0175,1086,296,2.4,30,5,4225,10.02873221,0.007100591716
162+034+0166,1102,348,2.5,29,6,3050,8.996434244,0.009508196721
160+000+0126,1106,700,3.4,55,10,1078,6.360775249,0.05102040816
159+046+0173,1109,762,3.6,24,7,1076,6.356839124,0.02230483271
181+037+0186,1185,461,2.8,16,1,2626,8.558586365,0.006092916984
185+049+0119,1198,660,3.2,116,18,2411,8.318331052,0.04811281626
189-001+0188,1219,509,2.9,14,1,1502,7.104395128,0.009320905459
196+034+0150,1242,305,2.4,29,3,2111,7.957925602,0.01373756514
202+057+0180,1251,297,2.4,19,3,1967,7.772700199,0.009659379766
220+010+0051,1255,919,4,249,33,737,5.603503225,0.3378561737
203+015+0188,1304,291,2.4,30,2,6288,11.45006559,0.004770992366
219+035+0159,1335,770,3.6,20,3,874,5.931177772,0.02288329519
246+014+0089,1341,491,2.8,312,40,4189,10.00016695,0.074480783
240+015+0109,1363,385,2.6,114,16,2420,8.328668673,0.04710743802
230+001+0154,1396,358,2.5,53,7,3680,9.577520049,0.01440217391
239+011+0177,1425,393,2.6,18,4,2141,7.995445844,0.008407286315
245+015+0177,1430,411,2.6,39,2,4482,10.22808702,0.008701472557
122+020+0124,1506,670,3.2,77,14,1820,7.574039974,0.04230769231
133+023+0113,1559,590,3,100,19,2147,8.002907767,0.04657661854
127+027+0094,1586,1019,4.3,83,15,456,4.774839132,0.1820175439
140+002+0087,1612,483,2.7,225,30,3637,9.540070057,0.06186417377
156+032+0146,1623,848,3.7,28,4,893,5.973849583,0.0313549832
184+016+0156,1797,920,3.9,34,6,1323,6.810156281,0.02569916856
209+049+0151,1923,631,3.1,55,9,3095,9.040463172,0.01777059774
217+058+0162,1934,511,2.8,31,5,2570,8.497310825,0.01206225681
244+047+0149,2036,332,2.4,69,9,4592,10.31108634,0.0150261324
244+009+0171,2124,819,3.6,33,4,2404,8.310272879,0.01372712146
137+023+0187,995,312,2.4,21,1,3928,9.788007421,0.005346232179
160+033+0083,1143,349,2.5,368,57,5028,10.62760864,0.07319013524
186+030+0155,1200,300,2.4,23,3,1802,7.54898784,0.012763596
226+028+0057,1262,354,2.5,327,41,2125,7.975478985,0.1538823529
217+054+0122,1273,570,3,76,13,1954,7.755538951,0.03889457523
124+021+0181,1449,930,3.7,16,1,1282,6.739067483,0.01248049922
121+025+0141,1492,957,3.8,36,6,925,6.044369997,0.03891891892
149+012+0148,1550,521,2.8,43,6,2200,8.068225425,0.01954545455
154+030+0191,1555,806,3.5,14,2,1594,7.246582417,0.00878293601
145+037+0165,1558,339,2.4,38,3,4369,10.14139765,0.008697642481
157+053+0187,1645,857,3.7,17,2,1480,7.069538035,0.01148648649
154+013+0081,1671,642,3.1,156,26,1546,7.173101234,0.1009055627
165+012+0120,1677,434,2.6,134,24,3971,9.823594469,0.0337446487
173+014+0181,1693,854,3.7,13,2,937,6.070395592,0.01387406617
173+019+0150,1708,646,3.1,37,6,1863,7.633225314,0.01986044015
183+022+0111,1785,734,3.4,203,35,2892,8.838323491,0.07019363762
184+012+0067,1791,588,3,354,55,2527,8.449653064,0.1400870598
184+046+0168,1796,474,2.7,72,9,6381,11.50623868,0.01128349788
186+043+0156,1805,962,4,20,3,553,5.091887979,0.03616636528
188+017+0132,1822,354,2.4,84,11,3592,9.500560755,0.02338530067
203+007+0023,1824,1031,4.1,406,47,469,4.819789573,0.8656716418
204+018+0091,1881,768,3.4,268,33,2446,8.358389675,0.1095666394
196+001+0176,1896,576,2.9,19,2,2462,8.37657497,0.007717303006
202+032+0140,1902,318,2.4,111,16,5881,11.19749447,0.0188743411
222+041+0157,2004,473,2.7,39,5,2564,8.490692979,0.01521060842
208+004+0186,2008,1185,4.6,7,1,140,3.221166265,0.05
221+023+0157,2034,778,3.5,25,4,1050,6.305219789,0.02380952381
227+015+0143,2046,557,2.8,62,10,2822,8.76643062,0.02197023388
246+025+0128,2063,818,3.6,78,16,1520,7.13266225,0.05131578947
254+035+0142,2075,323,2.4,57,9,2804,8.747752089,0.02032810271
209+040+0195,898,185,2.4,13,1,3927,9.787176732,0.003310415075
217+008+0188,1377,309,2.4,13,1,1854,7.620913639,0.007011866235
123+029+0168,1469,711,3.2,21,2,1885,7.663154502,0.01114058355
119+019+0121,1510,719,3.2,79,14,1556,7.188533944,0.05077120823
162+031+0164,1643,684,3.2,28,6,1583,7.229874664,0.0176879343
167+032+0190,1654,330,2.4,24,4,3650,9.551423135,0.006575342466
169+009+0167,1665,803,3.5,22,1,1094,6.392090339,0.02010968921
169+021+0178,1668,500,2.7,25,1,2812,8.756063498,0.008890469417
165+007+0106,1689,352,2.4,195,39,4796,10.46156975,0.0406588824
165+002+0040,1750,334,2.4,391,54,2222,8.095030358,0.1759675968
184+041+0119,1799,501,2.7,142,28,4182,9.994593604,0.03395504543
185+006+0121,1800,331,2.4,114,21,3196,9.137752422,0.03566958698
186+012+0196,1809,328,2.4,21,3,2916,8.862705197,0.007201646091
187+024+0155,1811,807,3.4,33,9,1044,6.293186898,0.0316091954
191+019+0176,1850,333,2.4,15,0,1794,7.537799994,0.008361204013
209+061+0178,1899,346,2.4,28,3,4071,9.905372929,0.006877916974
204+003+0134,1932,868,3.6,108,20,2621,8.55315096,0.0412056467
204+027+0168,1945,714,3.2,46,10,3385,9.314438679,0.01358936484
221+048+0158,1984,340,2.4,25,3,2051,7.881804958,0.01218917601
211+009+0148,1992,928,3.7,29,6,626,5.306749341,0.04632587859
213+021+0175,2016,451,2.6,40,7,4662,10.36321607,0.00858000858
227+029+0135,2021,738,3.3,66,13,1660,7.345248496,0.03975903614
219+009+0192,2070,327,2.4,12,0,2668,8.603973656,0.004497751124
230+028+0171,2072,336,2.4,32,2,3891,9.757177534,0.008224106913
244+026+0152,2088,365,2.5,27,5,1895,7.676681722,0.01424802111
238+026+0164,2089,678,3.2,28,7,1484,7.075901259,0.01886792453
244+019+0155,2105,436,2.6,26,4,1663,7.349670681,0.01563439567
260+029+0180,2129,358,2.4,31,3,4280,10.07206191,0.007242990654
245+022+0194,2137,441,2.6,22,1,4158,9.975437652,0.005291005291
121+015+0178,1444,826,3.4,16,0,1258,6.696748832,0.01271860095
129+012+0185,1447,364,2.4,35,2,5245,10.77835031,0.006673021926
146+008+0179,1495,414,2.5,25,5,2984,8.931068147,0.008378016086
135+012+0130,1517,710,3.1,63,10,1845,7.608562055,0.03414634146
128+008+0114,1528,671,3.1,87,16,1402,6.943095434,0.06205420827
146+018+0158,1530,708,3.2,33,6,1408,6.952985897,0.0234375
123+054+0175,1547,749,3.2,19,2,1434,6.995522869,0.01324965132
147+033+0161,1556,540,2.7,31,5,2277,8.161277414,0.01361440492
119+027+0099,1564,348,2.4,117,19,2088,7.928918643,0.05603448276
159+033+0191,1594,359,2.4,11,2,2130,7.981729363,0.005164319249
143+009+0077,1639,350,2.4,363,63,5214,10.75707358,0.06962025316
129+052+0098,1648,658,3,131,24,1518,7.129532516,0.08629776021
165+012+0141,1660,351,2.4,68,15,3379,9.308932063,0.02012429713
168+036+0158,1687,621,3,21,3,1076,6.356839124,0.01951672862
174+011+0181,1700,634,3,9,0,1109,6.421172134,0.008115419297
165+050+0138,1703,507,2.7,45,8,2224,8.097458381,0.02023381295
177+046+0195,1741,564,2.8,15,1,2148,8.004150069,0.006983240223
179+057+0148,1771,776,3.3,32,6,1125,6.451905104,0.02844444444
194+048+0195,1858,373,2.4,16,1,2533,8.456335276,0.006316620608
201+051+0139,1867,1110,4,28,5,542,5.05789985,0.05166051661
229+020+0042,1879,661,3,488,38,1481,7.071129915,0.3295070898
218+061+0112,1884,398,2.4,184,31,5798,11.14456703,0.03173508106
206+011+0096,1892,822,3.4,105,19,876,5.935698489,0.1198630137
223+009+0119,2006,652,3,59,9,1582,7.228351944,0.03729456384
233+021+0144,2062,381,2.4,115,20,6495,11.57435634,0.01770592764
253+039+0139,2065,759,3.1,55,6,2036,7.862543384,0.02701375246
234+031+0176,2082,367,2.4,20,3,2325,8.218226678,0.008602150538
244+042+0193,2095,460,2.6,12,2,2057,7.889483292,0.005833738454
238+016+0164,2103,356,2.4,32,1,2626,8.558586365,0.01218583397
242+010+0186,2133,954,3.8,14,2,788,5.729884521,0.01776649746
122+007+0143,1478,396,2.4,79,12,4554,10.28256521,0.01734738691
118+033+0148,1491,614,2.8,74,10,4644,10.3498614,0.01593453919
121+040+0155,1505,627,2.8,31,4,2267,8.149312469,0.01367445964
149+048+0166,1610,476,2.6,26,2,2044,7.872827952,0.01272015656
151+039+0142,1614,825,3.3,39,8,1235,6.655685357,0.03157894737
149+059+0177,1644,384,2.4,18,2,2398,8.303353415,0.007506255213
170+000+0145,1688,482,2.6,84,12,5371,10.86397725,0.01563954571
171+051+0177,1713,596,2.8,22,1,2159,8.01779001,0.01018990273
165+007+0072,1718,994,3.6,207,31,1089,6.382337364,0.1900826446
155+038+0052,1720,519,2.7,232,27,1368,6.886509686,0.1695906433
178-002+0177,1721,689,3,31,3,2270,8.152905641,0.01365638767
156+047+0064,1724,366,2.4,196,23,1553,7.183911091,0.1262073406
180+018+0189,1755,345,2.4,10,1,1911,7.698226636,0.005232862376
186+034+0139,1806,663,2.9,46,9,2132,7.984226775,0.02157598499
191+042+0073,1813,824,3.3,251,35,1522,7.13578924,0.1649145861
199+007+0049,1837,730,3.1,407,42,1772,7.506860914,0.2296839729
192+010+0126,1847,371,2.4,51,11,1700,7.40377884,0.03
242+023+0032,1868,1153,3.9,465,54,696,5.497605135,0.6681034483
206+009+0155,1968,1051,3.7,38,6,1260,6.700295839,0.03015873016
208+006+0148,1971,996,3.6,36,6,879,5.94246668,0.0409556314
204+012+0189,1985,353,2.4,11,0,1770,7.504035599,0.006214689266
223+001+0144,2045,483,2.6,37,6,1974,7.781909569,0.01874366768
222+025+0189,2067,668,2.9,15,1,2595,8.524774851,0.005780346821
242+018+0149,2094,473,2.6,48,6,3177,9.11960865,0.01510859301
243+018+0194,2136,469,2.6,13,1,1652,7.333429894,0.007869249395
136+022+0184,1471,475,2.5,14,1,2165,8.025210459,0.006466512702
141+042+0180,1536,378,2.4,20,2,3047,8.993483626,0.006563833279
143+031+0161,1537,491,2.6,65,7,6226,11.41230848,0.01044008995
123+037+0123,1542,712,2.9,94,17,2308,8.198147574,0.04072790295
140+046+0161,1573,446,2.5,46,4,4241,10.0413758,0.01084649847
162+004+0195,1583,395,2.4,9,2,1736,7.45567618,0.005184331797
140+031+0118,1590,533,2.6,70,15,2201,8.069447698,0.03180372558
157+018+0151,1595,437,2.4,58,10,3759,9.645570185,0.01542963554
135+052+0136,1600,406,2.4,56,10,2263,8.144516639,0.02474591251
184+028+0133,1798,1083,3.7,46,7,1184,6.56277776,0.03885135135
203+062+0104,1848,390,2.4,120,19,2318,8.209970705,0.05176876618
208+009+0066,1871,497,2.6,182,26,1350,6.856172246,0.1348148148
200+024+0162,1914,567,2.7,33,3,2297,8.185102618,0.01436656508
198+010+0190,1927,385,2.4,9,2,1604,7.261704712,0.005610972569
242+037+0102,1998,399,2.4,97,17,1890,7.669924077,0.05132275132
224+013+0112,2002,861,3.3,53,11,804,5.76840591,0.06592039801
206+004+0191,2003,450,2.5,20,1,2870,8.815854811,0.006968641115
247+047+0127,2014,387,2.4,51,14,1717,7.428376293,0.0297029703
131+010+0177,1457,408,2.4,21,1,2633,8.566184353,0.007975693126
115+023+0158,1462,430,2.4,32,7,2442,8.353830967,0.0131040131
126+041+0126,1557,989,3.3,56,13,1066,6.337084991,0.05253283302
156+032+0189,1578,421,2.4,24,3,3738,9.627574676,0.006420545746
156+017+0165,1580,582,2.7,31,4,2778,8.720630337,0.01115910727
155+030+0157,1593,756,2.9,66,11,3255,9.193639309,0.0202764977
141+012+0080,1631,404,2.4,181,29,2011,7.830229426,0.09000497265
136+016+0073,1635,658,2.8,155,17,1351,6.85786471,0.1147298298
167+021+0191,1637,764,3,9,0,1225,6.637672588,0.007346938776
137+064+0139,1662,802,3.1,88,12,2503,8.422817939,0.03515781063
131+035+0054,1686,595,2.7,482,67,3149,9.092738133,0.1530644649
157+062+0150,1699,494,2.5,50,11,2951,8.898023193,0.01694340901
178+011+0186,1726,405,2.4,19,0,2735,8.675401312,0.006946983547
178+012+0175,1734,1201,3.8,17,1,521,4.991714117,0.03262955854
167+044+0059,1752,423,2.4,194,23,1632,7.303715508,0.118872549
171+068+0156,1753,419,2.4,40,5,2679,8.615781994,0.01493094438
184+037+0149,1788,454,2.4,39,6,2330,8.224113662,0.01673819742
197+034+0037,1826,425,2.4,737,84,2988,8.935057012,0.2466532798
212+054+0042,1835,439,2.4,384,49,2194,8.060883997,0.1750227894
189+002+0167,1841,612,2.7,49,8,4343,10.12124039,0.0112825236
191+022+0172,1851,492,2.5,19,2,2070,7.906068607,0.009178743961
194+023+0132,1854,410,2.4,54,13,1728,7.444205891,0.03125
195+014+0142,1870,446,2.4,60,9,3099,9.044356148,0.01936108422
196+006+0142,1880,414,2.4,50,10,1902,7.686122486,0.02628811777
229+044+0117,1976,429,2.4,62,10,1852,7.618172303,0.03347732181
217+003+0168,2041,621,2.7,22,4,1860,7.629125837,0.01182795699
248+015+0140,2098,473,2.4,90,18,4041,9.880981368,0.02227171492
246+009+0182,2141,589,2.7,13,1,1387,6.918245202,0.009372746936
130+024+0186,1461,441,2.4,14,1,2536,8.459672425,0.005520504732
132+030+0185,1477,474,2.4,15,2,1840,7.601682701,0.008152173913
145+001+0161,1512,456,2.4,28,5,2258,8.138513897,0.0124003543
135+009+0128,1522,923,3.1,59,11,1572,7.213089331,0.03753180662
160+035+0194,1602,443,2.4,8,0,1532,7.151383234,0.005221932115
146+045+0130,1624,440,2.4,71,8,2653,8.587818955,0.02676215605
160+024+0135,1638,974,3.3,50,10,1206,6.603176402,0.04145936982
168+023+0189,1652,833,3,10,2,1121,6.444249321,0.008920606601
159+052+0154,1676,573,2.6,21,3,1175,6.546106788,0.01787234043
157+022+0042,1732,672,2.7,702,87,3182,9.124390325,0.2206159648
176+049+0180,1744,608,2.6,20,2,2243,8.120452334,0.008916629514
181+014+0108,1772,1021,3.4,103,17,901,5.991635619,0.1143174251
182+010+0116,1776,527,2.5,59,10,1658,7.342297411,0.03558504222
180+050+0150,1777,530,2.5,29,3,1756,7.484198555,0.01651480638
187+029+0128,1808,705,2.8,74,13,2133,7.985474896,0.03469292077
191+040+0179,1845,461,2.5,13,1,1299,6.768724647,0.01000769823
209+056+0121,1878,874,3,68,10,1302,6.77393136,0.05222734255
200+004+0146,1907,465,2.4,71,8,4064,9.899692311,0.01747047244
218+018+0076,1919,713,2.8,306,43,2907,8.85357779,0.1052631579
204+032+0168,1937,462,2.4,49,9,4392,10.15916251,0.01115664845
202+025+0177,1939,451,2.4,16,1,2134,7.986722626,0.007497656982
206+044+0196,1946,739,3.2,7,1,540,5.051670903,0.01296296296
225+056+0148,1955,598,2.6,29,3,1803,7.55038399,0.01608430394
209+040+0173,1960,488,2.5,19,4,2093,7.935242556,0.009077878643
218-000+0106,1980,435,2.4,63,9,1477,7.064758089,0.04265402844
217+012+0132,1996,665,2.7,47,6,1708,7.41537444,0.0275175644
222+006+0140,2030,890,3.1,33,8,1237,6.659276231,0.02667744543
216-001+0175,2043,483,2.5,19,3,2141,7.995445844,0.008874357777
240-000+0127,2073,449,2.4,44,10,1137,6.474764126,0.03869832894
251+023+0132,2079,463,2.4,42,9,1678,7.3717022,0.02502979738
231+024+0184,2096,597,2.6,12,0,1481,7.071129915,0.008102633356
233+012+0169,2100,438,2.4,19,2,1960,7.763468955,0.009693877551
124+028+0157,1485,460,2.4,33,5,2855,8.800469344,0.011558669
143+024+0180,1498,758,2.9,9,2,891,5.969386489,0.0101010101
150+003+0189,1502,614,2.6,15,2,2656,8.591054757,0.005647590361
145+022+0172,1514,589,2.6,18,2,1152,6.503112842,0.015625
145+002+0153,1518,1127,3.4,27,4,881,5.946970256,0.03064699205
114+044+0119,1565,988,3.1,50,10,963,6.126031505,0.05192107996
132+055+0175,1576,685,2.7,26,2,2354,8.252254561,0.01104502974
134+005+0094,1581,500,2.4,193,35,3615,9.520795365,0.05338865837
151+029+0134,1599,494,2.4,80,13,3530,9.44558148,0.02266288952
113+039+0087,1609,555,2.5,325,53,4059,9.895630732,0.08006898251
117+030+0060,1649,497,2.4,414,57,3357,9.288685187,0.1233243968
117+018+0047,1669,467,2.4,583,60,2633,8.566184353,0.221420433
166+023+0124,1685,481,2.4,80,15,2485,8.402578811,0.03219315895
173+024+0146,1707,1016,3.3,29,5,897,5.98275582,0.03232998885
184-000+0119,1793,770,2.8,97,20,2444,8.356110943,0.03968903437
191+066+0173,1820,682,2.7,20,2,1666,7.354087552,0.01200480192
191+026+0086,1827,489,2.4,247,41,3301,9.236745372,0.07482581036
193+030+0179,1865,732,2.7,18,1,2576,8.503918378,0.00698757764
201+020+0112,1882,689,2.7,135,23,2394,8.298734024,0.05639097744
199+004+0175,1928,650,2.6,20,2,2298,8.186290242,0.008703220191
215+047+0132,1930,1078,3.3,54,14,1102,6.407633477,0.04900181488
218+009+0086,1942,1028,3.3,90,13,569,5.140529854,0.158172232
239+034+0086,1973,468,2.4,150,18,1878,7.653656957,0.07987220447
225+005+0114,2010,960,3.2,50,9,574,5.155543169,0.08710801394
224+028+0144,2025,950,3.2,30,4,896,5.980531747,0.03348214286
232+014+0121,2038,556,2.5,96,16,2444,8.356110943,0.03927986907
241+028+0126,2047,674,2.7,73,16,1787,7.527983313,0.04085058758
241+019+0118,2050,458,2.4,44,5,1387,6.918245202,0.03172314348
247+013+0118,2066,478,2.4,63,10,1547,7.174647495,0.0407239819
237+033+0167,2077,459,2.4,29,3,2527,8.449653064,0.01147605857
227-001+0194,2110,464,2.4,9,0,1694,7.395058244,0.005312868949
143+031+0168,1529,511,2.4,25,4,2146,8.00166508,0.01164958062
135+037+0105,1605,807,2.8,72,13,1126,6.453816213,0.06394316163
121+030+0075,1622,685,2.6,194,35,3019,8.96585067,0.06425968864
169+004+0179,1655,519,2.4,21,4,2572,8.499514484,0.008164852255
167+002+0136,1673,493,2.4,48,8,1456,7.031115874,0.03296703297
169+035+0191,1675,729,2.7,11,1,1401,6.941444282,0.007851534618
176+008+0166,1712,482,2.4,17,1,1455,7.029505817,0.0116838488
167+013+0070,1728,803,2.8,144,19,1149,6.497462871,0.1253263708
155+012+0033,1747,523,2.4,684,93,3163,9.106193214,0.2162503952
176+021+0069,1767,913,3,356,59,2230,8.10473373,0.1596412556
206+023+0031,1832,792,2.8,422,52,925,6.044369997,0.4562162162
197+007+0127,1873,517,2.4,49,6,1853,7.619543217,0.02644360496
238+018+0046,1905,483,2.4,273,39,1611,7.272252959,0.1694599628
226+053+0144,1967,678,2.6,61,11,2648,8.582420526,0.02303625378
225+027+0151,2035,1038,3.2,26,4,722,5.565226735,0.03601108033
224+004+0155,2055,666,2.6,47,7,2525,8.44742331,0.01861386139
224+005+0167,2071,865,2.9,22,1,2146,8.00166508,0.01025163094
242+042+0186,2085,866,2.9,13,0,1281,6.7373148,0.01014832162
252+022+0137,2090,515,2.4,88,17,4324,10.10645916,0.02035152636
149+005+0192,2233,720,2.6,11,1,1943,7.740958344,0.00566134843
226+042+0155,3013,788,2.7,48,7,2753,8.694391671,0.01743552488
120+036+0178,1467,604,2.5,18,1,2099,7.942817971,0.008575512149
137+004+0171,1474,530,2.4,13,1,1405,6.948044186,0.009252669039
156+000+0178,1552,502,2.4,20,1,1867,7.638684443,0.01071237279
163+003+0185,1597,521,2.4,10,2,1545,7.171554307,0.006472491909
163+025+0196,1601,510,2.4,7,0,879,5.94246668,0.007963594994
169+064+0164,1742,526,2.4,18,1,1368,6.886509686,0.01315789474
182+012+0195,1770,477,2.4,5,2,1015,6.234368626,0.004926108374
180+046+0103,1780,537,2.4,75,13,1351,6.85786471,0.05551443375
214+043+0105,1909,532,2.4,69,10,1230,6.646691176,0.05609756098
200+002+0160,1924,531,2.4,16,3,1275,6.726779497,0.01254901961
222+017+0071,1926,939,3,139,21,973,6.147163205,0.1428571429
212+021+0133,1965,1003,3.1,30,7,844,5.862523714,0.0355450237
220+057+0190,1977,534,2.4,11,0,1683,7.379016853,0.006535947712
223+053+0167,1979,676,2.6,18,0,1118,6.438495524,0.01610017889
213+035+0187,2005,495,2.4,13,0,1473,7.058374748,0.008825526137
237+056+0178,2023,533,2.4,14,1,1326,6.815299905,0.01055806938
238+012+0107,2028,672,2.6,71,14,1341,6.840902324,0.05294556301
129+022+0125,2288,633,2.5,63,14,1693,7.393602811,0.03721204962
139+020+0134,2308,640,2.5,62,10,2530,8.452995491,0.02450592885
151+028+0148,2386,542,2.4,54,8,3183,9.125346059,0.01696512724
208+032+0112,2871,751,2.6,120,23,2924,8.870802693,0.04103967168
207+001+0172,2975,773,2.7,15,2,1098,6.399871346,0.01366120219
238+013+0151,3136,543,2.4,43,8,2823,8.767465985,0.01523202267
237+013+0192,3173,614,2.5,12,1,1896,7.678031825,0.006329113924
117+023+0188,2151,564,2.4,20,1,2998,8.945013625,0.006671114076
137+027+0143,2295,607,2.4,71,13,3613,9.519039247,0.01965125934
150-000+0138,2347,579,2.4,25,4,1271,6.719737588,0.01966955153
119+047+0118,2374,923,2.9,58,12,872,5.926650154,0.06651376147
131+003+0077,2410,552,2.4,109,18,1087,6.378427815,0.100275989
119+037+0077,2438,732,2.6,198,26,1516,7.126400032,0.1306068602
148+048+0132,2459,789,2.7,67,6,1985,7.796337548,0.03375314861
132+008+0064,2466,884,2.8,395,59,2329,8.22293694,0.169600687
146+061+0169,2474,584,2.4,29,3,2638,8.571603246,0.01099317665
165+028+0143,2514,656,2.5,60,13,2752,8.693338826,0.02180232558
162+021+0079,2574,569,2.4,143,25,1354,6.862937097,0.1056129985
179+037+0127,2659,828,2.7,39,7,1061,6.327161572,0.03675777568
188+067+0111,2710,1090,3.1,45,9,466,4.809490846,0.09656652361
193+007+0155,2795,574,2.4,16,2,1307,6.782591471,0.01224177506
210+010+0104,2891,832,2.7,96,14,1184,6.56277776,0.08108108108
236+003+0097,3016,548,2.4,79,14,1183,6.560929611,0.06677937447
235+023+0121,3052,976,2.9,51,11,793,5.741978024,0.06431273644
215+010+0187,3070,582,2.4,11,1,1342,6.84260235,0.008196721311
130+003+0166,2179,1100,2.9,17,3,864,5.908470131,0.01967592593
133+000+0166,2191,641,2.4,19,2,1678,7.3717022,0.01132300358
130+013+0141,2231,769,2.6,27,5,907,6.004906173,0.02976846748
132+007+0129,2264,1143,3.1,31,6,573,5.152547501,0.05410122164
129+027+0137,2274,615,2.4,33,5,1145,6.489914258,0.0288209607
142+042+0195,2283,900,2.8,9,0,938,6.072554339,0.009594882729
144+011+0140,2309,978,2.8,33,7,1059,6.323183475,0.03116147309
141+007+0111,2356,618,2.4,162,32,3520,9.436653704,0.04602272727
144+066+0191,2468,631,2.4,10,0,1456,7.031115874,0.006868131868
170+012+0186,2492,894,2.7,10,0,1138,6.476661771,0.008787346221
170+005+0174,2505,942,2.8,23,3,1354,6.862937097,0.01698670606
135+062+0090,2554,592,2.4,134,22,1797,7.541999326,0.07456872565
150+000+0046,2580,855,2.7,363,53,1257,6.694973918,0.2887828162
161+020+0056,2601,647,2.4,366,64,2446,8.358389675,0.1496320523
181+014+0162,2655,661,2.5,33,2,2244,8.121658939,0.01470588235
185+017+0192,2696,912,2.8,9,1,912,6.015920332,0.009868421053
191+001+0048,2739,1185,3.1,139,19,443,4.729026042,0.3137697517
188+032+0135,2741,786,2.6,30,5,1046,6.297202972,0.02868068834
215+025+0079,2861,1072,3,119,17,869,5.919845727,0.1369390104
221+033+0130,2978,622,2.4,36,8,1560,7.194688513,0.02307692308
244+020+0126,3098,595,2.4,43,10,1230,6.646691176,0.03495934959
260+032+0169,3160,613,2.4,26,3,2194,8.060883997,0.01185050137
128+009+0174,2170,637,2.4,12,0,1310,6.78777694,0.009160305344
129+009+0132,2246,617,2.4,57,8,2027,7.850940991,0.02812037494
141+019+0167,2251,1048,2.9,27,5,1282,6.739067483,0.02106084243
142+038+0177,2293,625,2.4,12,2,1336,6.832389495,0.008982035928
137+029+0103,2399,638,2.4,72,17,1111,6.425029853,0.06480648065
138+063+0186,2420,1118,3,7,0,493,4.900639656,0.01419878296
171-000+0176,2506,620,2.4,18,3,1799,7.544796285,0.01000555864
118+052+0069,2519,612,2.4,196,26,1403,6.944745802,0.1397006415
124+046+0054,2552,935,2.7,271,37,1499,7.099662019,0.1807871915
176+061+0135,2658,621,2.4,36,7,1404,6.946395385,0.02564102564
187+017+0121,2728,663,2.4,60,10,1876,7.650939038,0.03198294243
195+050+0099,2758,665,2.4,140,22,2317,8.208789924,0.06042296073
192+011+0181,2807,937,2.7,13,1,1012,6.228220329,0.0128458498
210+015+0098,2883,656,2.4,141,17,2373,8.274397421,0.05941845765
250+025+0056,2898,756,2.5,317,39,1950,7.750243259,0.1625641026
217+023+0104,2921,744,2.5,89,16,1832,7.590649764,0.04858078603
232+059+0143,2931,662,2.4,37,4,2077,7.914970413,0.01781415503
244+010+0096,3029,827,2.6,113,16,1044,6.293186898,0.1082375479
202+050+0195,1906,329,2.4,5,1,569,5.140529854,0.008787346221
140+003+0175,2206,895,2.6,19,2,1139,6.478558304,0.01668129939
130+045+0193,2245,692,2.4,7,0,1127,6.455726191,0.006211180124
118+037+0119,2310,1236,2.9,37,8,532,5.026600163,0.06954887218
125+047+0142,2335,1062,2.8,25,3,920,6.033459558,0.02717391304
149+047+0147,2436,667,2.4,33,5,1903,7.687469275,0.01734104046
141+060+0156,2458,724,2.4,23,1,1431,6.990641135,0.01607267645
161+046+0187,2473,728,2.4,11,2,1325,6.813586227,0.008301886792
163+020+0116,2523,720,2.4,49,9,1212,6.614108833,0.0404290429
160+040+0082,2577,681,2.4,158,23,2022,7.844480372,0.078140455
175+025+0167,2587,748,2.5,15,3,1092,6.388192722,0.01373626374
174+044+0186,2595,1001,2.8,7,1,726,5.57548524,0.009641873278
179+064+0150,2674,1132,2.9,21,3,631,5.320840616,0.03328050713
181+023+0077,2681,778,2.5,169,33,1613,7.27526113,0.1047737136
197+005+0157,2849,680,2.4,29,6,1582,7.228351944,0.0183312263
202+008+0123,2863,1171,2.9,31,6,539,5.048550661,0.05751391466
220+029+0108,2939,997,2.7,48,10,872,5.926650154,0.05504587156
224+047+0144,2963,703,2.4,28,6,1621,7.28726901,0.01727328809
204+003+0192,2964,745,2.5,11,0,1278,6.73205127,0.008607198748
208+028+0182,2969,776,2.5,7,1,844,5.862523714,0.008293838863
237+045+0117,2981,674,2.4,56,12,1096,6.395983209,0.05109489051
236+012+0096,3010,989,2.7,159,30,2024,7.847065896,0.07855731225
210+013+0195,3030,710,2.4,8,0,1092,6.388192722,0.007326007326
240+013+0141,3124,1125,2.9,30,6,622,5.2954222,0.04823151125
223+000+0189,3131,668,2.4,8,1,869,5.919845727,0.00920598389
214+012+0194,2048,466,2.4,4,0,974,6.149268398,0.004106776181
129+005+0158,2195,768,2.4,19,3,891,5.969386489,0.02132435466
140+000+0139,2276,869,2.5,31,6,1309,6.786049331,0.02368220015
142+004+0127,2319,1000,2.7,39,4,835,5.841610847,0.04670658683
135+056+0141,2429,739,2.4,37,8,1543,7.168458449,0.02397926118
147+000+0063,2525,736,2.4,150,30,1164,6.525615142,0.1288659794
164+028+0107,2551,961,2.6,72,11,1205,6.601350807,0.05975103734
183+015+0117,2688,735,2.4,78,18,1758,7.487038858,0.04436860068
190+010+0119,2756,782,2.4,74,15,1965,7.770064939,0.03765903308
189+007+0177,2766,852,2.5,16,1,1270,6.717974802,0.0125984252
192+024+0139,2773,742,2.4,22,5,970,6.140838959,0.02268041237
199+066+0168,2777,1158,2.8,9,1,823,5.813491948,0.01093560146
206+018+0097,2848,937,2.6,63,9,978,6.157674791,0.06441717791
202+012+0163,2905,1084,2.7,14,2,575,5.15853536,0.02434782609
223+032+0115,2962,1071,2.7,57,5,875,5.933438991,0.06514285714
229+025+0151,3080,750,2.4,18,4,808,5.777956269,0.02227722772
154+018+0192,2297,872,2.5,7,0,843,5.860207426,0.008303677343
143+043+0195,2298,985,2.6,6,0,363,4.425265568,0.01652892562
136+030+0111,2377,838,2.4,43,7,775,5.698200123,0.05548387097
134+045+0087,2477,797,2.4,93,16,1136,6.472865368,0.08186619718
167+003+0143,2510,1010,2.6,34,8,866,5.913025623,0.03926096998
168-000+0126,2538,823,2.4,71,11,2026,7.849649718,0.03504442251
166+019+0105,2561,818,2.4,69,13,1138,6.476661771,0.06063268893
149+036+0051,2583,1142,2.7,196,21,647,5.365438531,0.3029366306
180+035+0147,2662,791,2.4,27,7,1082,6.368632916,0.02495378928
187+003+0100,2734,753,2.4,76,13,1246,6.675387446,0.06099518459
188-000+0113,2744,858,2.4,106,14,2499,8.418328762,0.04241696679
236+047+0038,2786,1032,2.6,266,44,814,5.792222885,0.3267813268
205+067+0174,2800,1072,2.6,11,2,827,5.822895106,0.01330108827
210+061+0155,2838,971,2.5,33,6,1793,7.536399176,0.01840490798
244+040+0060,2874,832,2.4,164,27,1055,6.31521223,0.155450237
209+010+0124,2918,786,2.4,43,9,976,6.153474466,0.04405737705
230-000+0131,3075,769,2.4,28,6,849,5.874077791,0.03297997644
247+041+0162,3107,814,2.4,12,1,885,5.955957002,0.01355932203
256+022+0179,3181,817,2.4,11,1,852,5.880988477,0.01291079812
116+020+0168,2166,802,2.4,19,3,1030,6.264929744,0.01844660194
128+025+0133,2269,951,2.5,54,10,1701,7.405230277,0.03174603175
129+049+0148,2344,1160,2.6,23,6,781,5.712867369,0.02944942382
127+013+0067,2442,885,2.4,130,22,990,6.182757246,0.1313131313
125+035+0062,2497,863,2.4,142,22,977,6.155575345,0.1453428864
167+031+0109,2568,1251,2.7,56,8,639,5.343232634,0.08763693271
187+036+0131,2727,1382,2.8,24,5,409,4.604808419,0.0586797066
209+052+0191,2904,811,2.4,9,0,867,5.915300738,0.01038062284
213+016+0163,3003,1098,2.6,11,0,494,4.9039509,0.02226720648
242+014+0195,3184,837,2.6,4,0,457,4.778326963,0.00875273523
115+048+0097,2430,1047,2.5,55,12,537,5.042298579,0.1024208566
171+009+0150,2543,949,2.4,19,2,915,6.022509516,0.02076502732
174+027+0173,2573,1032,2.5,9,3,706,5.523809559,0.01274787535
195+048+0029,2721,999,2.4,280,38,1019,6.242547538,0.2747791953
216+030+0119,2930,933,2.4,43,5,998,6.199366479,0.04308617234
211+015+0153,2980,1111,2.5,19,3,689,5.47911233,0.02757619739
257+029+0159,3155,909,2.4,19,2,1074,6.35289812,0.01769087523
159+031+0099,2531,1018,2.4,57,11,677,5.447116784,0.08419497784
168+033+0061,2638,969,2.4,169,29,767,5.678525559,0.2203389831
200+029+0175,2875,1006,2.4,12,3,891,5.969386489,0.01346801347
244+016+0113,3072,1002,2.4,69,15,1097,6.397927868,0.06289881495
136+019+0116,3343,1032,2.4,44,12,753,5.643763272,0.05843293493
167+025+0158,3497,1039,2.4,18,4,902,5.993851461,0.0199556541
192+047+0114,3718,1330,2.6,31,6,439,4.71474965,0.07061503417
135+024+0149,3283,1158,2.4,14,2,562,5.119362727,0.02491103203
164+028+0196,3427,1083,2.4,5,0,621,5.292582831,0.008051529791
172+020+0182,3525,1063,2.4,9,1,416,4.630930257,0.02163461538
156+049+0116,3526,1172,2.4,33,8,483,4.867278243,0.06832298137
206+013+0082,3807,1160,2.4,126,22,881,5.946970256,0.1430192963
227+019+0080,3910,1066,2.4,122,18,961,6.12178763,0.1269510926
209+028+0189,3966,1231,2.5,6,1,527,5.010803075,0.01138519924
227+041+0116,3931,1223,2.4,36,7,563,5.122397323,0.06394316163
227+038+0183,4060,1199,2.4,9,2,379,4.489350705,0.02374670185
127+010+0136,3243,1315,2.4,21,2,469,4.819789573,0.0447761194
155+047+0108,3529,1344,2.4,37,6,373,4.465534073,0.09919571046
188+053+0119,3691,1450,2.5,22,5,201,3.633868015,0.1094527363