pl_name,pl_radius (Earth radius),pl_mass (Earth mass)
GQ Lup b,51.561,9852.73000
HAT-P-35 b,39.792,2390.08160
GQ Lup b,33.600,6356.00000
PDS 70 b,30.488,953.49000
DH Tau b,30.264,3496.13000
CT Cha b,24.660,5403.00000
TOI-3540 A b,23.539,375.03752
WASP-79 b,23.430,286.03000
HAT-P-67 b,23.371,108.06220
XO-6 b,23.203,1398.45200
WASP-78 b,23.091,273.33380
HAT-P-41 b,22.978,378.21770
PDS 70 c,22.866,635.66000
HIP 65 A b,22.754,1021.18779
HIP 75056 A b,22.418,7945.71018
WASP-17 b,22.317,162.72896
WASP-17 b,22.317,154.46538
Kepler-435 b,22.310,266.97000
Kepler-435 b,22.306,270.15550
WASP-17 b,22.261,143.97699
HAT-P-32 b,22.194,216.12440
XO-3 b,21.858,4211.22639
WASP-178 b,21.745,448.14030
WASP-12 b,21.712,465.62095
WASP-17 b,21.656,151.60491
WASP-78 b,21.633,352.79130
WASP-1 b,21.633,282.86870
KELT-19 A b,21.409,1293.56810
WASP-12 b,21.297,467.21010
KELT-9 b,21.196,915.35040
WASP-17 b,21.185,162.09330
HAT-P-65 b,21.185,167.49641
TOI-1518 b,21.017,731.00534
WASP-17 b,20.961,247.90740
HAT-P-70 b,20.961,2154.88740
WASP-121 b,20.905,375.99289
KOI-13 b,20.850,2637.88000
WASP-12 b,20.849,638.83830
KELT-8 b,20.849,272.69814
KELT-8 b,20.849,275.55861
HATS-23 b,20.849,467.21010
CFHTWIR-Oph 98 b,20.849,2479.06157
HAT-P-33 b,20.737,292.40360
TrES-4 b,20.602,158.27934
TrES-4 b,20.602,157.00802
WASP-76 b,20.512,292.40360
KELT-20 b,20.512,5403.11000
WASP-12 b,20.456,454.49690
WASP-12 b,20.456,441.78370
WASP-79 b,20.400,267.93069
WASP-12 b,20.400,416.35730
WASP-12 b,20.389,448.14030
WASP-178 b,20.288,527.59780
TrES-4 b,20.288,278.73691
GSC 06214-00210 b,20.176,4767.45000
TrES-4 b,20.165,292.07300
HAT-P-32 b,20.131,273.33380
WASP-12 b,20.100,448.00000
HAT-P-32 b,20.053,273.32200
HAT-P-32 b,20.053,238.37250
TrES-4 b,19.986,293.99128
KELT-9 b,19.986,775.50520
KELT-12 b,19.952,301.93850
TOI-640 b,19.851,279.69040
TOI-2193 A b,19.840,298.75870
TOI-2669 b,19.728,193.87533
Kepler-12 b,19.661,137.30256
WASP-121 b,19.649,367.72747
TrES-4 b,19.627,292.40360
HATS-26 b,19.616,206.58950
HAT-P-32 b,19.616,263.79890
WASP-17 b,19.582,154.46538
KELT-14 b,19.537,408.09372
KELT-20 b,19.515,1074.90106
KELT-15 b,19.504,416.35730
HAT-P-57 b,19.504,448.14030
WASP-17 b,19.500,156.00000
TrES-4 b,19.448,285.09351
OGLE-TR-56 b,19.436,448.14030
WASP-12 b,19.392,444.96200
HAT-P-40 b,19.392,195.45700
HAT-P-40 b,19.392,184.65923
WASP-94 A b,19.280,143.65300
WASP-94 A b,19.279,144.93048
OGLE-TR-10 b,19.279,216.12440
CoRoT-1 b,19.223,390.93090
WASP-82 b,19.170,397.27000
TrES-4 b,19.123,291.45011
Kepler-12 b,19.123,136.66690
HAT-P-64 b,19.089,184.34048
WASP-88 b,19.055,177.98000
WASP-88 b,19.055,181.16310
WASP-78 b,19.055,282.85700
Qatar-7 b,19.055,597.52040
KELT-4 A b,19.044,286.68266
Kepler-12 b,18.999,137.62039
Kepler-12 b,18.999,136.97900
WASP-100 b,18.943,645.19490
WASP-100 b,18.943,638.83830
WASP-100 b,18.940,645.17000
HATS-56 b,18.921,191.33366
HAT-P-33 b,18.898,209.76780
HAT-P-33 b,18.898,242.17600
HATS-67 b,18.887,460.85350
HAT-P-41 b,18.887,254.26400
HAT-P-41 b,18.887,254.25300
HAT-P-41 b,18.887,252.67485
CoRoT-35 b,18.831,349.61125
WASP-33 b,18.820,1042.48240
HATS-64 b,18.820,305.11680
HAT-P-69 b,18.786,1137.83140
WASP-82 b,18.719,394.10920
WASP-79 b,18.719,270.15550
WASP-48 b,18.719,312.74472
WASP-48 b,18.719,327.68273
WASP-48 b,18.719,311.46000
1RXS J160929.1-210524 b,18.647,2543.00000
WASP-54 b,18.528,202.13100
WASP-54 b,18.528,192.60498
bet Pic b,18.495,2224.81000
TOI-3807 b,18.495,330.54154
K2-237 b,18.495,508.52800
Kepler-447 b,18.490,435.41000
Kepler-7 b,18.484,143.97699
Kepler-7 b,18.484,142.70567
WASP-103 b,18.450,467.21010
K2-237 b,18.405,392.83788
WASP-187 b,18.383,254.26400
HATS-31 b,18.383,279.69040
WASP-14 b,18.304,2510.85700
OGLE2-TR-L9 b,18.304,1398.45200
HAT-P-60 b,18.282,182.43351
WASP-90 b,18.271,200.23290
Kepler-7 b,18.181,140.16303
WASP-82 b,18.159,371.86110
KELT-8 b,18.159,209.76780
WASP-189 b,18.147,632.47853
TOI-2803 A b,18.114,309.88270
OGLE2-TR-L9 b,18.091,1379.38220
TrES-4 b,18.046,247.90740
OGLE2-TR-L9 b,18.046,1430.17500
Kepler-7 b,17.957,135.07775
WASP-33 b,17.934,371.86110
KELT-7 b,17.934,441.78370
WASP-93 b,17.901,467.21010
NGTS-2 b,17.878,235.19420
WASP-33 b,17.856,665.21819
WASP-78 b,17.822,259.66711
HAT-P-66 b,17.822,248.86089
HAT-P-49 b,17.822,699.22600
KELT-21 b,17.777,1242.71530
WASP-94 A b,17.710,158.91500
WASP-54 b,17.710,187.51970
WASP-177 b,17.710,161.45764
WASP-167 b,17.710,2542.64000
HATS-40 b,17.710,505.34970
HAT-P-39 b,17.609,190.37200
HAT-P-39 b,17.609,180.84527
WASP-172 b,17.598,149.38010
KELT-18 b,17.598,375.03940
HATS-39 b,17.598,200.23290
WASP-74 b,17.486,300.03152
WASP-74 b,17.486,301.93850
KELT-3 b,17.486,616.59020
K2-260 b,17.396,451.31860
CoRoT-1 b,17.385,327.36490
WASP-31 b,17.374,152.55840
WASP-153 b,17.374,123.95370
WASP-31 b,17.363,155.41887
WASP-31 b,17.363,151.91600
HD 202772 A b,17.318,323.23311
Qatar-10 b,17.295,233.92288
TOI-2796 b,17.262,139.84450
KOI-12 b,17.262,1690.85560
WASP-31 b,17.228,151.92274
KELT-7 b,17.183,406.82240
WASP-79 b,17.150,270.15550
WASP-142 b,17.150,266.97720
MASCARA-4 b,17.150,985.27300
WASP-13 b,17.127,166.86075
WASP-13 b,17.127,162.72896
WASP-103 b,17.127,473.54700
WASP-103 b,17.127,473.56670
WASP-103 b,17.127,462.44265
KELT-17 b,17.094,416.35730
KELT-14 b,17.038,380.12468
HAT-P-40 b,17.038,152.55840
OGLE-TR-10 b,17.023,209.76780
WASP-1 b,16.970,301.30284
WASP-1 b,16.970,292.00000
WASP-1 b,16.970,291.76794
KOI-13 b,16.948,2949.46240
HATS-11 b,16.926,270.15550
HAT-P-7 b,16.926,574.00098
HAT-P-7 b,16.926,584.80720
HAT-P-56 b,16.926,734.18730
WASP-176 b,16.870,271.74465
HATS-65 b,16.825,260.93843
WASP-48 b,16.814,254.26400
WASP-168 b,16.814,133.48860
TOI-1130 c,16.814,309.56642
MASCARA-1 b,16.814,1175.97100
HIP 65426 b,16.814,2860.47000
HATS-27 b,16.814,168.44990
HAT-P-8 b,16.814,430.34182
TOI-4329 b,16.813,143.02278
HAT-P-8 b,16.810,483.08000
bet Pic b,16.800,6356.00000
WASP-33 b,16.780,1303.00000
WASP-1 b,16.735,311.47340
HAT-P-7 b,16.713,534.59006
TOI-1431 b,16.701,991.62463
TIC 257060897 b,16.701,212.94503
WTS-1 b,16.700,1274.44000
CoRoT-1 b,16.700,327.35000
TOI-163 b,16.690,387.75260
HATS-24 b,16.668,775.50520
HATS-11 b,16.668,263.79890
HAT-P-13 b,16.668,287.95398
HAT-P-13 b,16.668,285.72917
WASP-1 b,16.634,273.33380
WASP-1 b,16.623,271.41500
NGTS-3 A b,16.589,756.43540
HAT-P-6 b,16.589,419.53560
CoRoT-1 b,16.589,359.14790
Kepler-7 b,16.567,137.61500
WASP-120 b,16.511,1541.47550
WASP-183 b,16.477,159.55066
OGLE-TR-182 b,16.477,340.07810
OGLE-TR-182 b,16.477,336.89980
GPX-1 b,16.477,6261.21962
CoRoT-2 b,16.477,1150.54460
HAT-P-30 b,16.466,232.96939
TOI-3023 b,16.432,197.05361
HAT-P-56 b,16.432,603.87700
HAT-P-56 b,16.432,692.86940
CoRoT-2 b,16.432,1048.83900
CoRoT-2 b,16.432,1102.82000
HAT-P-7 b,16.421,571.77617
CoRoT-2 b,16.421,1051.97300
HATS-35 b,16.410,388.38826
WASP-20 b,16.388,98.84513
WASP-20 b,16.388,98.84100
WASP-92 b,16.376,255.85315
WASP-71 b,16.370,712.54500
WASP-88 b,16.365,133.48860
WASP-71 b,16.365,706.21826
HD 206893 c,16.365,4036.42077
CoRoT-31 b,16.365,266.97720
CoRoT-2 b,16.365,1134.65310
WASP-3 b,16.298,654.72980
TOI-2154 b,16.287,292.40213
HD 209458 b,16.264,203.40000
Kepler-433 b,16.253,893.10230
Kepler-433 b,16.250,896.24000
WASP-1 b,16.242,268.88418
K2-237 b,16.197,433.20012
KELT-15 b,16.175,289.22530
WASP-140 b,16.141,775.50520
WASP-118 b,16.141,163.36462
TOI-2046 b,16.141,731.00534
TOI-1789 b,16.141,222.47988
Kepler-40 b,16.141,657.90810
Kepler-40 b,16.141,686.51280
K2-34 b,16.141,563.51259
K2-107 b,16.141,266.97720
HD 2685 b,16.141,371.86110
HAT-P-30 b,16.141,263.79890
CoRoT-12 b,16.141,290.81445
2MASS J02192210-3925225 b,16.141,4417.83700
CoRoT-12 b,16.140,291.43800
WASP-174 b,16.107,104.88337
Kepler-5 b,16.040,671.86400
Kepler-5 b,16.040,675.70658
OGLE-TR-132 b,16.030,378.20000
CoRoT-11 b,16.030,740.51000
WASP-63 b,16.029,120.77000
WASP-58 b,16.029,308.29510
WASP-101 b,16.029,162.09330
KOI-12 b,16.029,3178.30000
HATS-34 b,16.029,299.07803
CoRoT-11 b,16.029,832.71460
WASP-81 b,16.018,231.69807
WASP-15 b,16.010,172.00000
WASP-15 b,16.006,172.26386
Kepler-5 b,15.984,670.93913
HAT-P-45 b,15.984,283.49200
HAT-P-45 b,15.984,273.33380
CoRoT-11 b,15.984,743.72220
HD 209458 b,15.920,197.05000
WASP-73 b,15.917,908.99380
WASP-3 b,15.917,772.32690
HD 209458 b,15.917,217.71355
HAT-P-14 b,15.917,1093.33520
CoRoT-1 b,15.917,340.07810
Kepler-8 b,15.906,191.64300
Kepler-8 b,15.906,177.98480
HAT-P-7 b,15.906,566.05523
WASP-3 b,15.872,600.69870
WASP-3 b,15.872,645.19490
Kepler-8 b,15.872,187.51970
WASP-19 b,15.861,366.77398
KELT-16 b,15.861,874.03250
CoRoT-2 b,15.850,1052.01730
WASP-4 b,15.838,393.13900
HAT-P-57 b,15.838,587.98550
HAT-P-49 b,15.838,549.82300
HAT-P-49 b,15.838,562.55910
HATS-66 b,15.816,1694.03390
XO-3 b,15.805,2316.98070
WASP-63 b,15.805,117.59710
WASP-61 b,15.805,851.78440
WASP-19 b,15.805,362.32620
WASP-15 b,15.805,171.62820
WASP-101 b,15.805,157.96151
HD 209458 b,15.805,235.19420
HATS-51 b,15.805,244.09344
CoRoT-36 b,15.805,216.12332
WASP-101 b,15.800,158.91000
WASP-113 b,15.793,150.96925
WASP-15 b,15.782,188.15536
WASP-13 b,15.771,158.91500
KOI-13 b,15.760,2070.66245
WASP-74 b,15.737,262.52758
HD 209458 b,15.700,219.29000
WASP-67 b,15.693,133.48300
WASP-67 b,15.693,133.48860
WASP-66 b,15.693,746.90050
WASP-3 b,15.693,629.30340
WASP-119 b,15.693,390.93090
HATS-42 b,15.693,597.52040
HAT-P-9 b,15.693,212.94610
HAT-P-9 b,15.693,241.86863
HAT-P-8 b,15.693,406.82240
Kepler-91 b,15.690,209.76000
HAT-P-9 b,15.690,247.90000
KELT-10 b,15.681,215.80657
WASP-48 b,15.650,288.00000
TOI-1333 b,15.648,753.25710
WASP-19 b,15.637,354.06262
HATS-24 b,15.637,718.29580
HAT-P-6 b,15.637,337.85329
WASP-118 b,15.625,165.27160
HAT-P-9 b,15.614,238.05467
WASP-19 b,15.603,339.76027
WASP-66 b,15.581,737.36560
WASP-66 b,15.581,753.25710
WASP-66 b,15.581,737.33500
WASP-62 b,15.581,181.15500
WASP-62 b,15.581,180.52744
HD 209458 b,15.581,232.01590
CoRoT-11 b,15.581,791.39670
WASP-13 b,15.569,151.59900
CoRoT-5 b,15.558,151.92274
CoRoT-5 b,15.558,148.42000
WASP-19 b,15.536,371.21000
WASP-87 b,15.524,692.86940
WASP-3 b,15.524,559.36000
Kepler-91 b,15.513,279.68000
HATS-70 b,15.513,4100.00700
HATS-12 b,15.513,759.61370
HATS-52 b,15.491,711.93920
Kepler-8 b,15.480,187.51970
HATS-3 b,15.480,349.61300
HATS-3 b,15.480,340.39593
HATS-3 b,15.480,340.38200
WASP-77 A b,15.468,727.83070
WASP-24 b,15.468,394.10920
WASP-159 b,15.468,174.80650
WASP-14 b,15.468,2809.61720
WASP-136 b,15.468,479.92330
TOI-150.01,15.468,556.20250
HD 209458 b,15.468,226.93062
HAT-P-9 b,15.468,247.27174
WASP-15 b,15.457,175.12433
OGLE-TR-56 b,15.446,441.76500
K2-34 b,15.435,539.67534
WASP-19 b,15.424,370.27195
WASP-7 b,15.401,311.47340
TOI-778 b,15.400,878.00000
XO-7 b,15.390,225.34147
WASP-4 b,15.368,409.68287
WASP-58 b,15.360,282.86000
WASP-58 b,15.356,285.72917
WASP-127 b,15.356,57.20940
KELT-11 b,15.356,61.97685
HAT-P-23 b,15.356,664.26470
HAT-P-23 b,15.334,626.12510
HAT-P-23 b,15.334,664.23700
Kepler-91 b,15.323,257.44230
HAT-P-4 b,15.323,176.71348
WASP-4 b,15.289,396.96967
WTS-2 b,15.278,355.96960
WTS-2 b,15.278,403.64410
WASP-7 b,15.278,305.11680
WASP-7 b,15.278,344.20989
TOI-2818 b,15.278,225.65817
OGLE-TR-56 b,15.278,1048.83900
OGLE-TR-56 b,15.278,441.77000
HAT-P-7 b,15.278,564.44200
WASP-74 b,15.244,228.83760
TrES-2 b,15.244,473.56670
TOI-1516 b,15.244,1004.33777
OGLE-TR-211 b,15.244,327.35100
Kepler-76 b,15.244,638.83830
KELT-24 b,15.244,1334.87931
HD 209458 b,15.244,219.30270
HAT-P-1 b,15.244,168.44990
HD 209458 b,15.233,217.70400
HD 209458 b,15.233,216.76006
WASP-4 b,15.211,393.15571
HAT-P-36 b,15.211,611.82275
WASP-28 b,15.177,285.71700
KELT-2 A b,15.132,540.31100
KELT-11 b,15.132,54.34893
K2-34 b,15.132,559.38080
HATS-12 b,15.132,756.43540
HAT-P-34 b,15.132,2227.98830
CoRoT-12 b,15.132,281.91521
TOI-2109 b,15.098,1595.49860
KELT-3 b,15.076,469.41500
KELT-3 b,15.076,469.75274
CoRoT-12 b,15.065,277.46559
HAT-P-7 b,15.043,564.44200
WASP-4 b,15.031,397.28750
Kepler-412 b,15.031,299.07803
XO-4 b,15.020,512.34196
WASP-62 b,15.020,184.34140
HATS-53 b,15.020,189.10885
HAT-P-30 b,15.020,237.10118
HAT-P-30 b,15.020,225.96800
WASP-114 b,15.009,562.24127
HATS-18 b,14.986,629.30340
HAT-P-4 b,14.986,216.12440
TrES-3 b,14.975,607.03000
TrES-3 b,14.975,572.41183
WASP-55 b,14.964,199.27941
WASP-39 b,14.930,89.94589
HAT-P-58 b,14.930,118.23217
HAT-P-4 b,14.930,216.12000
HAT-P-35 b,14.930,335.62848
HAT-P-35 b,14.930,334.97900
XO-4 b,14.910,565.71000
WASP-7 b,14.908,305.11680
WASP-63 b,14.908,107.74437
WASP-55 b,14.908,193.87630
WASP-4 b,14.908,386.48128
WASP-4 b,14.908,375.03940
WASP-4 b,14.908,371.86110
WASP-36 b,14.908,729.41985
WASP-184 b,14.908,181.16310
WASP-100 b,14.908,400.46580
NGTS-21 b,14.908,750.07504
NGTS-1 b,14.908,258.07796
Kepler-17 b,14.908,785.04010
HATS-41 b,14.908,3082.95100
HAT-P-6 b,14.908,336.58197
HAT-P-6 b,14.908,335.93200
HAT-P-6 b,14.908,351.51998
HATS-18 b,14.897,629.14449
WASP-36 b,14.874,750.39663
NGTS-6 b,14.863,425.57437
Kepler-412 b,14.852,298.43000
Kepler-412 b,14.852,294.62841
Kepler-6 b,14.830,212.61900
KELT-23 A b,14.830,298.12454
Gaia-2 b,14.818,259.66581
WASP-4 b,14.807,376.94638
Kepler-74 b,14.800,216.12000
WASP-68 b,14.796,343.25640
WASP-62 b,14.796,165.27160
WASP-35 b,14.796,228.82800
WASP-35 b,14.796,222.79883
WASP-26 b,14.796,324.18498
WASP-26 b,14.796,329.90754
TrES-3 b,14.796,607.03000
HAT-P-1 b,14.796,168.44990
HAT-P-1 b,14.785,166.86075
HAT-P-1 b,14.785,168.13207
WASP-123 b,14.773,285.72917
HAT-P-53 b,14.773,471.65972
HAT-P-53 b,14.773,469.43491
HAT-P-24 b,14.751,217.71355
TrES-3 b,14.706,615.95454
WASP-127 b,14.695,52.34660
WASP-46 b,14.684,667.73300
WASP-3 b,14.684,559.38080
WASP-19 b,14.684,367.72931
TrES-3 b,14.684,603.55917
Kepler-17 b,14.684,743.72220
K2-97 b,14.684,152.55840
K2-97 b,14.684,152.55840
K2-97 b,14.684,349.61300
CoRoT-18 b,14.684,1099.69180
BD+60 1417 b,14.684,4767.42610
Kepler-17 b,14.680,778.65000
CoRoT-18 b,14.680,1102.82000
TrES-3 b,14.628,607.05530
WASP-169 b,14.617,178.30263
Kepler-6 b,14.617,212.31044
HAT-P-36 b,14.617,588.62116
WASP-24 b,14.605,352.47347
WASP-18 b,14.600,3241.70000
HATS-1 b,14.594,589.55000
HATS-1 b,14.594,556.20250
XO-1 b,14.572,286.04700
WASP-55 b,14.572,181.48093
WASP-55 b,14.572,181.15500
WASP-35 b,14.572,225.65930
WASP-24 b,14.572,336.89980
WASP-174 b,14.572,413.17900
WASP-135 b,14.572,603.87700
VHS J125601.92-125723.9 b,14.572,3813.94088
TOI-1181 b,14.572,375.03752
TOI-1107 b,14.572,1064.72516
PDS 70 b,14.572,2542.64000
OGLE-TR-56 b,14.572,286.04700
OGLE-TR-56 b,14.572,410.00070
NGTS-16 b,14.572,211.99155
Kepler-91 b,14.572,241.54000
KELT-6 b,14.572,165.27160
K2-238 b,14.572,273.33380
K2-132 b,14.572,155.73670
K2-132 b,14.572,155.73670
HATS-16 b,14.572,1039.30410
HAT-P-24 b,14.572,238.37250
CoRoT-21 b,14.572,718.29580
CoRoT-21 b,14.572,705.58260
WASP-24 b,14.571,340.38200
TrES-3 b,14.516,610.23360
WASP-3 b,14.500,559.35700
HAT-P-51 b,14.493,98.20947
HAT-P-51 b,14.493,98.84513
XO-4 b,14.460,483.41943
WASP-72 b,14.460,731.00900
TOI-2583 A b,14.460,79.45710
Kepler-41 b,14.460,179.89178
Kepler-41 b,14.460,177.98000
KELT-2 A b,14.460,485.32641
K2-99 b,14.460,308.29510
HD 203030 b,14.460,3496.11248
HAT-P-16 b,14.460,1332.66119
CoRoT-19 b,14.460,367.09365
CoRoT-19 b,14.460,352.78000
Kepler-15 b,14.448,221.20968
HAT-P-16 b,14.448,1341.56043
HAT-P-16 b,14.448,1332.60500
HAT-P-50 b,14.437,429.07050
HAT-P-50 b,14.437,431.93097
XO-4 b,14.426,491.68301
TOI-157 b,14.415,375.03940
KELT-2 A b,14.415,483.71700
HATS-45 b,14.415,222.48100
WASP-173 A b,14.404,1102.87010
Qatar-8 b,14.404,117.91493
HAT-P-46 b,14.392,156.68400
TOI-2236 b,14.370,502.16888
WASP-14 b,14.360,2333.00000
WASP-36 b,14.359,729.73768
WASP-36 b,14.359,726.55938
WASP-36 b,14.359,731.93200
WASP-26 b,14.359,326.71500
WASP-14 b,14.359,2294.73260
TOI-2152 A b,14.359,899.45439
HAT-P-43 b,14.359,210.39500
HAT-P-43 b,14.359,232.01590
HAT-P-13 b,14.359,280.64389
HAT-P-13 b,14.359,271.09800
WASP-20 b,14.348,120.13974
WASP-10 b,14.348,940.77680
HAT-P-42 b,14.348,279.69040
HAT-P-42 b,14.348,331.80100
WASP-39 b,14.336,89.31023
HAT-P-36 b,14.314,587.41341
Kepler-30 c,14.300,2892.25300
TOI-3912 b,14.280,129.03833
HAT-P-4 b,14.280,206.90733
HAT-P-4 b,14.280,213.25500
TrES-2 b,14.258,381.10000
KELT-24 b,14.258,1646.35940
HAT-P-13 b,14.258,270.46200
WASP-64 b,14.247,403.94500
WASP-64 b,14.247,388.07043
WASP-72 b,14.240,491.37630
WASP-52 b,14.240,146.20000
HD 209458 b,14.240,200.22000
WASP-75 b,14.235,340.06000
WASP-75 b,14.235,341.03159
WASP-72 b,14.235,459.58218
WASP-72 b,14.235,491.39696
WASP-52 b,14.235,145.88397
WASP-39 b,14.235,88.98900
WASP-39 b,14.235,88.99240
WASP-39 b,14.235,87.40325
Kepler-40 b,14.235,673.79960
HAT-P-4 b,14.235,216.12440
WASP-18 b,14.202,3213.26130
NGTS-23 b,14.202,194.82881
GU Psc b,14.179,3591.30000
HAT-P-36 b,14.168,582.24000
HAT-P-36 b,14.168,587.98550
WASP-21 b,14.157,93.75985
OGLE-TR-211 b,14.146,238.37250
OGLE-TR-211 b,14.146,216.12440
TrES-2 b,14.135,398.24099
WASP-165 b,14.123,209.13214
HATS-25 b,14.123,194.82979
CoRoT-26 b,14.123,184.34140
HD 189733 b,14.120,365.49000
HAT-P-5 b,14.120,336.89000
CoRoT-26 b,14.120,165.26000
CoRoT-5 b,14.079,145.88397
TOI-150.01,14.067,797.75330
Qatar-2 b,14.056,792.63500
Qatar-2 b,14.056,785.04010
HAT-P-5 b,14.056,336.89980
HAT-P-5 b,14.056,324.18660
CoRoT-13 b,14.034,416.99296
HATS-55 b,14.022,292.72143
HATS-29 b,14.022,207.54299
CoRoT-18 b,14.022,1039.30410
XO-4 b,14.011,451.31860
WASP-28 b,14.011,294.62841
WASP-185 b,14.011,311.47340
Ross 458 c,14.011,1906.98000
OGLE-TR-56 b,14.011,394.10920
OGLE-TR-132 b,14.011,371.86110
OGLE-TR-10 b,14.011,197.04600
OGLE-TR-10 b,14.011,359.14790
Kepler-76 b,14.011,635.66000
HD 206893 b,14.011,8899.19540
Kepler-76 b,14.010,635.63000
HATS-32 b,14.000,292.40360
XO-3 b,13.989,3759.92890
WASP-25 b,13.978,190.06234
TrES-2 b,13.978,380.44251
TOI-1937 A b,13.978,638.83510
OGLE-TR-56 b,13.967,375.03940
TrES-2 b,13.955,457.67520
HAT-P-44 b,13.922,111.87100
HAT-P-24 b,13.922,217.70400
HAT-P-24 b,13.922,229.79109
HAT-P-1 b,13.922,166.86075
HAT-P-1 b,13.922,169.08556
WASP-68 b,13.900,301.93000
Kepler-44 b,13.900,324.17000
Kepler-39 b,13.900,6388.10000
WASP-85 A b,13.899,402.05495
WASP-68 b,13.899,304.16331
WASP-61 b,13.899,651.55150
WASP-61 b,13.899,654.70200
WASP-180 A b,13.899,286.04700
WASP-18 b,13.899,3241.84975
WASP-14 b,13.899,2412.32970
WASP-124 b,13.899,190.69800
TrES-2 b,13.899,406.82240
OGLE-TR-10 b,13.899,181.16310
NGTS-17 b,13.899,242.82090
Kepler-39 b,13.899,6388.38300
TOI-1601 b,13.888,314.65170
WASP-110 b,13.877,162.09249
HATS-36 b,13.843,1022.14128
HATS-68 b,13.809,410.00070
TOI-1296 b,13.798,94.71287
HAT-P-37 b,13.798,378.21770
Kepler-427 b,13.790,92.17000
WASP-95 b,13.787,457.67520
WASP-77 A b,13.787,529.81995
WASP-6 b,13.787,154.14755
WASP-38 b,13.787,1093.33520
WASP-22 b,13.787,212.94610
WASP-192 b,13.787,731.00900
Kepler-427 b,13.787,92.80636
KOI-12 b,13.787,349.61300
HATS-33 b,13.787,378.85336
TrES-2 b,13.776,398.24099
OGLE-TR-132 b,13.776,371.86110
Gaia-1 b,13.776,533.95172
WASP-60 b,13.731,177.98480
HAT-P-1 b,13.731,166.53600
WASP-6 b,13.720,160.00000
WASP-6 b,13.720,153.51189
TrES-2 b,13.720,381.39600
TrES-2 b,13.720,385.20996
HAT-P-23 b,13.720,658.00000
WASP-52 b,13.709,146.20180
TrES-2 b,13.697,380.76034
WASP-14 b,13.686,2466.36080
Kepler-39 b,13.680,5720.70000
WASP-6 b,13.675,158.91500
WASP-50 b,13.675,524.41950
WASP-34 b,13.675,187.51000
WASP-34 b,13.675,185.29489
WASP-25 b,13.675,184.33400
WASP-25 b,13.675,182.43442
WASP-25 b,13.675,184.34140
WASP-16 b,13.675,394.10920
WASP-131 b,13.675,85.81410
WASP-13 b,13.675,114.41880
VHS J125601.92-125723.9 b,13.675,5085.25451
TrES-2 b,13.675,380.76034
TrES-2 b,13.675,380.76034
OGLE-TR-10 b,13.675,193.87630
WASP-28 b,13.664,282.54945
Kepler-43 b,13.664,1026.59090
HAT-P-14 b,13.664,721.79193
WASP-16 b,13.653,264.43456
XO-3 b,13.641,3718.61100
XO-3 b,13.641,3747.06000
TOI-2570 b,13.641,260.61929
HAT-P-1 b,13.641,166.54292
WASP-26 b,13.630,324.18660
HD 189733 b,13.630,369.30300
NGTS-24 b,13.608,165.27077
WASP-28 b,13.597,288.26000
WASP-28 b,13.597,287.95398
HATS-13 b,13.585,172.58169
HATS-13 b,13.585,188.15536
HAT-P-28 b,13.585,198.95300
HAT-P-28 b,13.585,202.45771
TOI-4137 b,13.574,457.67291
XO-1 b,13.563,292.39100
WASP-95 b,13.563,382.66732
WASP-77 A b,13.563,559.38080
WASP-77 A b,13.563,560.33429
WASP-61 b,13.563,654.72980
WASP-26 b,13.563,270.15550
WASP-141 b,13.563,854.96270
WASP-133 b,13.563,368.68280
NGTS-18 b,13.563,129.99182
Kepler-5 b,13.563,648.37320
K2-140 b,13.563,295.58042
HAT-P-5 b,13.563,311.47340
WASP-95 b,13.560,359.13000
WASP-77 A b,13.560,559.36000
TrES-5 b,13.552,568.91570
TrES-5 b,13.552,565.07800
WASP-175 b,13.540,314.65170
HATS-63 b,13.529,305.11680
XO-1 b,13.518,290.17879
XO-1 b,13.518,291.76794
XO-1 b,13.518,293.67492
NGTS-10 b,13.507,687.14846
WASP-77 A b,13.500,572.10000
Kepler-87 b,13.490,324.20000
TrES-5 b,13.484,573.36532
WASP-163 b,13.473,594.34210
WASP-96 b,13.451,155.73670
WASP-41 b,13.451,299.07803
WASP-41 b,13.451,292.39100
WASP-18 b,13.451,3635.97520
WASP-173 A b,13.451,1172.79270
OGLE-TR-56 b,13.451,413.17900
OGLE-TR-132 b,13.451,858.14100
Kepler-44 b,13.451,327.36490
Kepler-418 b,13.451,349.61300
HAT-P-2 b,13.451,3632.79690
HAT-P-14 b,13.451,724.65240
WASP-96 b,13.450,152.55000
OGLE-TR-132 b,13.450,375.02000
Kepler-43 b,13.450,1026.55000
Kepler-423 b,13.450,228.83000
Kepler-418 b,13.450,349.61125
WASP-22 b,13.440,196.10111
WASP-49 b,13.428,126.81417
HAT-P-34 b,13.417,1057.69400
HAT-P-34 b,13.417,1058.37390
K2-30 b,13.406,198.00809
HATS-61 b,13.395,1080.62200
TrES-5 b,13.384,568.91570
HATS-28 b,13.384,213.58176
TrES-2 b,13.372,383.30298
KELT-6 b,13.372,136.66100
Kepler-423 b,13.361,192.60498
Kepler-423 b,13.361,189.10100
WASP-18 b,13.350,3305.43200
CoRoT-4 b,13.340,228.83000
WASP-32 b,13.339,1144.18800
K2-29 b,13.339,232.01590
HAT-P-25 b,13.339,180.20961
HAT-P-25 b,13.339,180.20200
HAT-P-2 b,13.339,2777.83420
HAT-P-16 b,13.339,1331.38987
CoRoT-4 b,13.339,223.43449
CoRoT-19 b,13.339,346.43470
WASP-151 b,13.305,100.43378
TrES-2 b,13.305,382.03166
TOI-4145 A b,13.305,136.66622
CoRoT-6 b,13.283,940.77680
XO-1 b,13.271,286.04700
WASP-181 b,13.271,95.03117
TOI-4463 A b,13.260,252.35576
HAT-P-55 b,13.249,184.34140
HAT-P-55 b,13.249,184.97706
CoRoT-5 b,13.249,149.38010
WASP-71 b,13.227,441.78370
WASP-41 b,13.227,298.76020
WASP-32 b,13.227,1144.14000
Qatar-1 b,13.227,422.71390
Qatar-1 b,13.227,419.85343
OGLE-TR-132 b,13.227,362.32620
KELT-6 b,13.227,140.48086
HATS-43 b,13.227,82.95363
CoRoT-23 b,13.227,972.55980
WASP-41 b,13.204,310.51991
HAT-P-37 b,13.204,381.39600
HAT-P-37 b,13.204,371.52800
WASP-5 b,13.171,506.93885
WASP-5 b,13.171,505.34970
HATS-30 b,13.171,224.38798
WASP-46 b,13.159,607.05530
WASP-46 b,13.159,603.87700
TOI-2977 b,13.159,533.95172
HATS-9 b,13.141,259.34928
TOI-3819 b,13.137,352.78953
WASP-5 b,13.126,520.28771
TOI-905 b,13.126,211.99261
TOI-677 b,13.115,392.83788
HR 8799 e,13.115,3178.30000
HAT-P-29 b,13.115,279.69040
CoRoT-16 b,13.115,168.13207
Kepler-40 b,13.110,699.20000
CoRoT-16 b,13.110,170.03200
TrES-2 b,13.103,380.74400
Kepler-6 b,13.103,201.18639
Kepler-6 b,13.103,205.63601
Kepler-30 c,13.100,527.70000
HATS-2 b,13.092,427.46300
HATS-2 b,13.092,486.27990
WASP-5 b,13.081,498.33600
TOI-3688 A b,13.081,311.47184
WASP-50 b,13.070,466.82870
CoRoT-6 b,13.070,937.59850
CoRoT-6 b,13.068,940.74000
WASP-18 b,13.059,3314.83000
WASP-18 b,13.058,3314.96690
HATS-77 b,13.058,436.69623
WASP-70 A b,13.047,189.74451
WASP-70 A b,13.047,187.51200
WASP-5 b,13.047,497.40395
TOI-4087 b,13.047,232.01474
Qatar-1 b,13.047,346.42000
WASP-18 b,13.036,3299.07540
TrES-2 b,13.025,457.67520
WASP-73 b,13.002,597.50000
WASP-73 b,13.002,597.20257
WASP-45 b,13.002,320.04100
WASP-45 b,13.002,318.78349
WASP-37 b,13.002,546.66760
WASP-37 b,13.002,572.07000
Kepler-43 b,13.002,997.98620
CoRoT-4 b,13.002,232.33373
CoRoT-20 b,13.002,1608.21980
Kepler-43 b,13.000,994.77000
HR 8799 d,13.000,3000.00000
HR 8799 c,13.000,3000.00000
HR 8799 b,13.000,2000.00000
Wendelstein-2 b,12.993,232.33373
WASP-22 b,12.980,181.16310
WASP-22 b,12.980,186.87600
WASP-18 b,12.980,3270.47070
TOI-3331 A b,12.980,721.47048
HAT-P-2 b,12.969,2765.12100
HAT-P-2 b,12.969,2888.95000
WASP-50 b,12.924,466.55500
WASP-50 b,12.924,464.03180
HATS-60 b,12.924,210.40346
HD 189733 b,12.902,365.50450
WASP-47 b,12.900,383.00000
XO-5 b,12.890,365.50450
WASP-67 b,12.890,136.66690
WASP-47 b,12.890,362.31100
WASP-21 b,12.890,92.17070
WASP-190 b,12.890,317.83000
TOI-1899 b,12.890,209.76780
Qatar-2 b,12.890,826.35800
OGLE-TR-132 b,12.890,320.99000
Kepler-422 b,12.890,136.66000
Kepler-422 b,12.890,155.73670
HAT-P-36 b,12.890,486.27990
HAT-P-22 b,12.890,785.04010
HAT-P-14 b,12.890,731.96249
HAT-P-14 b,12.890,709.36700
CoRoT-18 b,12.846,1048.83900
TOI-2842 b,12.845,117.59651
Kepler-432 b,12.834,182.75225
Kepler-432 b,12.834,1719.46030
WASP-98 b,12.823,293.03926
Qatar-2 b,12.823,790.41000
WASP-161 b,12.812,791.39670
Qatar-1 b,12.812,411.27202
TOI-3362 b,12.801,1598.35906
Qatar-1 b,12.801,410.95419
NGTS-13 b,12.801,1538.29720
HAT-P-14 b,12.801,709.39656
XO-5 b,12.780,378.20000
XO-1 b,12.778,263.79890
WASP-97 b,12.778,432.24880
WASP-5 b,12.778,494.22565
WASP-45 b,12.778,330.54320
WASP-44 b,12.778,282.53900
WASP-44 b,12.778,279.05474
TOI-1820 b,12.778,731.00534
OGLE-TR-10 b,12.778,200.23290
Kepler-643 b,12.778,321.00830
HD 189733 b,12.778,362.32620
WASP-47 b,12.770,341.00000
HATS-57 b,12.767,1000.21101
HD 189733 b,12.756,356.92309
HD 189733 b,12.756,363.58200
WASP-104 b,12.745,404.26300
WASP-104 b,12.745,403.00844
Qatar-1 b,12.733,405.23325
NGTS-5 b,12.733,72.78307
Kepler-14 b,12.733,2669.66000
Qatar-4 b,12.722,1938.76300
HAT-P-25 b,12.722,180.84527
WASP-47 b,12.710,370.00000
HAT-P-19 b,12.689,92.80200
HAT-P-19 b,12.689,90.26372
WASP-97 b,12.670,419.52000
Kepler-434 b,12.670,908.96000
WASP-97 b,12.666,420.48909
WASP-8 b,12.666,807.28820
WASP-151 b,12.666,98.52730
TrES-1 b,12.666,266.97720
SWEEPS-11 b,12.666,3082.82000
OGLE-TR-182 b,12.666,320.99500
Kepler-434 b,12.666,947.13340
HD 189733 b,12.666,359.14790
HATS-50 b,12.666,123.95370
WASP-164 b,12.644,676.97790
WASP-47 b,12.640,363.60000
WASP-47 b,12.630,363.10000
Kepler-14 b,12.621,2440.93440
HATS-59 b,12.621,256.17098
TOI-3693 b,12.599,324.18498
HAT-P-59 b,12.588,489.45575
WASP-42 b,12.576,167.49641
WASP-22 b,12.554,177.98480
Kepler-432 b,12.554,1547.77000
Kepler-43 b,12.550,962.98000
HD 189733 b,12.543,370.58978
HAT-P-63 b,12.543,195.14664
TOI-4562 b,12.530,732.00000
WASP-2 b,12.520,290.48400
TOI-2025 b,12.520,1398.44499
TIC 237913194 b,12.520,617.22586
HATS-47 b,12.520,117.27927
WASP-49 b,12.498,120.13500
WASP-49 b,12.498,126.81417
WASP-147 b,12.498,87.40325
Qatar-2 b,12.498,783.76878
Kepler-43 b,12.498,982.09470
K2-115 b,12.498,266.97720
WASP-65 b,12.464,489.45820
WASP-65 b,12.464,492.62000
OGLE-TR-113 b,12.453,394.10920
WASP-69 b,12.442,92.17070
WASP-49 b,12.442,117.59710
WASP-186 b,12.442,1341.24260
WASP-11 b,12.442,251.08570
TOI-4791 b,12.442,734.18362
KELT-1 b,12.442,8654.15000
HR 2562 b,12.442,9534.90000
HAT-P-21 b,12.442,1547.83210
EPIC 248847494 b,12.442,4131.79000
COCONUTS-2 b,12.442,2002.31896
XO-5 b,12.431,336.56800
XO-5 b,12.431,332.45018
Kepler-1514 b,12.420,1678.14240
Qatar-5 b,12.408,1373.02560
HAT-P-29 b,12.408,247.26100
HAT-P-29 b,12.408,214.85308
WASP-18 b,12.397,3241.86600
HATS-15 b,12.386,689.69110
Kepler-117 c,12.341,584.78000
WASP-99 b,12.330,889.92400
WASP-99 b,12.330,883.53000
WASP-98 b,12.330,269.51984
WASP-98 b,12.330,263.79000
WASP-44 b,12.330,276.51210
WASP-41 b,12.330,270.15550
WASP-32 b,12.330,1109.22670
TYC 8998-760-1 c,12.330,1906.98000
NGTS-15 b,12.330,238.68913
HD 17156 b,12.330,1115.58330
TrES-1 b,12.319,241.86863
WASP-38 b,12.300,858.10000
WASP-10 b,12.300,1017.00000
Kepler-30 c,12.300,640.00000
HD 189733 b,12.300,349.60000
HAT-P-2 b,12.300,2828.60000
WASP-170 b,12.285,508.52800
TOI-4127 b,12.285,731.00534
Qatar-3 b,12.285,1369.84730
TOI-3976 A b,12.274,55.61997
K2-140 b,12.274,323.86877
HD 17156 b,12.274,1014.15300
HATS-58 A b,12.274,327.36490
WASP-38 b,12.263,855.24500
OGLE-TR-113 b,12.251,400.44900
OGLE-TR-113 b,12.251,432.24880
WASP-56 b,12.240,190.38017
WASP-56 b,12.240,181.47300
Kepler-39 b,12.240,5689.15700
WASP-67 b,12.229,129.03400
TOI-559 b,12.229,1910.14873
TOI-3364 b,12.229,530.77344
Kepler-44 b,12.220,317.82000
Kepler-426 b,12.220,108.06000
CoRoT-14 b,12.220,2415.40000
WASP-5 b,12.218,502.15000
WASP-38 b,12.218,861.31930
WASP-38 b,12.218,841.61384
WASP-160 B b,12.218,88.35674
WASP-138 b,12.218,387.75260
TOI-1278 b,12.218,5879.82553
OGLE-TR-113 b,12.218,343.25640
OGLE-TR-113 b,12.218,419.53560
NGTS-8 b,12.218,295.58190
Kepler-44 b,12.218,311.79123
Kepler-426 b,12.218,107.10871
HAT-P-31 b,12.218,721.47410
HAT-P-23 b,12.218,425.89220
CoRoT-14 b,12.218,2358.29860
XO-5 b,12.207,344.52772
K2-132 b,12.207,157.32585
OGLE-TR-113 b,12.195,390.93090
WASP-5 b,12.184,502.15000
HD 17156 b,12.184,1028.18005
TOI-558 b,12.173,1147.36055
TOI-169 b,12.173,251.40353
WASP-106 b,12.162,606.73747
WASP-106 b,12.162,611.79700
WASP-2 b,12.117,295.89973
TrES-1 b,12.110,238.36000
Kepler-428 b,12.110,403.63000
CoRoT-25 b,12.110,85.81000
WASP-42 b,12.106,158.90800
WASP-10 b,12.106,1001.12000
TOI-2589 b,12.106,1112.39942
OGLE-TR-113 b,12.106,429.07050
Kepler-428 b,12.106,406.82240
HAT-P-22 b,12.106,682.69884
HAT-P-22 b,12.106,682.35200
HAT-P-22 b,12.106,690.32676
CoRoT-25 b,12.106,93.12419
HATS-76 b,12.094,835.57088
WASP-2 b,12.072,275.24078
TOI-2587 A b,12.072,69.28659
OGLE-TR-111 b,12.072,171.62820
WASP-53 b,12.038,677.61356
HAT-P-62 b,12.027,241.86742
HAT-P-68 b,12.016,230.10892
HAT-P-15 b,12.016,619.45067
HAT-P-15 b,12.016,618.47100
WASP-2 b,12.005,293.99275
WASP-2 b,12.005,290.80200
TOI-3757 b,12.000,85.30000
WASP-7 b,11.994,397.28750
WASP-25 b,11.994,139.84520
WASP-21 b,11.994,94.39551
WASP-158 b,11.994,886.74570
WASP-150 b,11.994,2688.84180
TOI-892 b,11.994,301.93850
TOI-519 b,11.994,4449.62000
NGTS-9 b,11.994,921.70700
NGTS-20 b,11.994,947.12865
Kepler-1658 b,11.994,1868.84040
K2-34 b,11.994,352.79130
HD 80606 b,11.994,1392.09540
HAT-P-31 b,11.994,682.38101
WASP-21 b,11.990,95.34500
HAT-P-31 b,11.990,689.98000
TOI-2145 b,11.982,1671.77742
K2-30 b,11.982,187.20187
WASP-10 b,11.960,1004.34280
WASP-10 b,11.960,1020.23430
TrES-1 b,11.960,238.99800
TrES-1 b,11.960,221.52751
OGLE-TR-111 b,11.960,165.27160
HATS-54 b,11.960,241.55080
HATS-44 b,11.960,177.98480
Kepler-1704 b,11.949,1322.16617
CoRoT-9 b,11.949,266.97720
CoRoT-9 b,11.949,268.88418
WASP-157 b,11.938,182.43442
HD 17156 b,11.938,1036.76146
HATS-9 b,11.938,266.02371
HATS-9 b,11.938,261.57409
HAT-P-29 b,11.926,243.77561
WASP-42 b,11.915,159.23283
WASP-2 b,11.915,279.69040
Qatar-6 b,11.904,212.31044
TOI-2025 b,11.893,1144.18227
WASP-117 b,11.882,95.34900
TOI-628 b,11.882,2011.86390
TOI-5153 b,11.882,1036.12061
TOI-1478 b,11.882,270.47333
K2-31 b,11.882,563.83042
HAT-P-22 b,11.882,696.68336
HAT-P-15 b,11.882,616.59020
Kepler-1647 b,11.874,483.00000
K2-232 b,11.859,123.00021
WASP-69 b,11.848,82.63580
WASP-69 b,11.848,79.45750
HATS-62 b,11.825,56.89157
Kepler-51 d,11.800,6.20000
OGLE-TR-111 b,11.781,247.90740
OGLE-TR-111 b,11.781,174.79900
EPIC 246851721 b,11.781,953.49000
HN Peg b,11.777,6991.57000
Kepler-75 b,11.770,3209.90000
CoRoT-9 b,11.770,266.97000
CoRoT-23 b,11.770,889.90000
WASP-57 b,11.769,204.36469
WASP-57 b,11.769,204.68252
Kepler-75 b,11.769,3210.08300
HAT-P-17 b,11.769,184.34140
CoRoT-23 b,11.769,982.09470
NGTS-12 b,11.747,66.10864
WASP-2 b,11.691,269.20201
WASP-2 b,11.691,269.20201
TOI-4603 b,11.680,4096.80817
WASP-89 b,11.657,1875.19700
WASP-89 b,11.657,1843.41400
WASP-83 b,11.657,95.34900
WASP-83 b,11.657,96.93815
TOI-1842 b,11.657,68.01528
Kepler-41 b,11.657,177.98480
HATS-14 b,11.657,340.07810
K2-30 b,11.646,184.02357
HATS-14 b,11.646,340.39593
HATS-14 b,11.646,339.76027
WASP-8 b,11.635,677.61356
WASP-8 b,11.635,713.18000
HAT-P-27 b,11.635,209.75900
CoRoT-9 b,11.624,262.52758
CoRoT-3 b,11.624,6979.54680
WASP-43 b,11.613,651.55150
TOI-5205 b,11.600,343.00000
Kepler-289 c,11.590,132.00000
HATS-74 A b,11.568,464.02947
Wendelstein-1 b,11.561,188.15536
Kepler-75 b,11.550,3146.40000
WASP-91 b,11.545,425.89220
WASP-6 b,11.545,117.59710
TOI-519 b,11.545,147.15455
Kepler-289 c,11.545,133.48860
KPS-1 b,11.545,346.43470
HD 1397 b,11.500,131.89945
HAT-P-20 b,11.489,2294.73260
HATS-71 b,11.478,117.59710
HAT-P-21 b,11.478,1261.78510
HAT-P-21 b,11.478,1291.28900
NGTS-25 b,11.467,203.09235
HD 1397 b,11.467,116.64361
TOI-1259 A b,11.456,140.16233
WASP-117 b,11.444,87.75286
WASP-117 b,11.444,87.55850
WASP-99 b,11.433,772.32690
WASP-106 b,11.433,514.88460
TOI-564 b,11.433,464.98529
HATS-4 b,11.433,420.47100
HATS-4 b,11.433,416.03947
HAT-P-27 b,11.433,195.78328
CoRoT-17 b,11.433,765.97030
HD 17156 b,11.430,1023.37000
HAT-P-27 b,11.430,197.05000
CoRoT-17 b,11.430,772.29000
XO-2 N b,11.422,189.73700
XO-2 N b,11.422,189.10885
CoRoT-14 b,11.411,2437.75610
TOI-3235 b,11.400,211.35589
TOI-2184 b,11.400,206.58846
HATS-54 b,11.377,239.32479
OGLE-TR-111 b,11.332,174.80650
TOI-3714 b,11.321,222.47988
TOI-2202 b,11.321,310.83618
TOI-2180 b,11.321,875.61726
KOI-351 h,11.321,381.39600
HAT-P-17 b,11.321,169.71000
HAT-P-17 b,11.321,170.67471
CoRoT-3 b,11.321,6814.27520
CoRoT-3 b,11.320,6883.91000
TOI-5542 b,11.310,419.53350
Qatar-9 b,11.310,378.21770
HAT-P-52 b,11.310,259.98494
HAT-P-52 b,11.310,259.66711
CoRoT-30 b,11.310,921.70700
WASP-16 b,11.300,272.00000
TIC 172900988 b,11.300,837.00000
WASP-16 b,11.299,288.58964
TOI-201 b,11.299,133.48860
TOI-216.01,11.290,200.00000
CoRoT-27 b,11.287,3273.64900
CoRoT-27 b,11.287,3302.11000
CoRoT-17 b,11.287,781.86180
WASP-43 b,11.276,635.02434
K2-290 c,11.276,246.00042
TIC 172900988 b,11.270,981.30000
KOI-94 d,11.270,106.00000
WASP-11 b,11.265,154.77700
OGLE-TR-111 b,11.265,168.44990
TIC 172900988 b,11.250,942.00000
HD 80606 b,11.243,1308.18828
HD 80606 b,11.243,1307.55262
HAT-P-2 b,11.243,2771.47760
TIC 172900988 b,11.240,823.90000
Kepler-30 c,11.230,1603.80000
WASP-34 b,11.209,177.98480
WASP-162 b,11.209,1652.71600
TOI-4406 b,11.209,95.34852
TOI-2338 b,11.209,1900.61387
TIC 279401253 b,11.209,1951.46642
OGLE-TR-111 b,11.209,168.44990
K2-29 b,11.209,194.82979
K2-232 b,11.209,126.49634
HD 114082 b,11.209,2542.62726
CoRoT-20 b,11.209,1315.81620
WASP-8 b,11.200,699.20000
TIC 172900988 b,11.200,869.70000
WASP-80 b,11.198,170.99254
Kepler-45 b,11.198,158.91500
HATS-6 b,11.187,101.38777
XO-2 N b,11.164,179.56600
TOI-2207 b,11.153,203.41018
HAT-P-18 b,11.153,62.61000
HAT-P-18 b,11.153,63.56600
TIC 172900988 b,11.150,845.70000
TOI-2497 b,11.142,1531.93292
TOI-1811 b,11.142,308.92921
CoRoT-3 b,11.135,6747.53090
XO-2 N b,11.131,179.89178
XO-2 N b,11.119,176.39565
WASP-45 b,11.119,318.46566
WASP-11 b,11.097,169.08556
WASP-11 b,11.097,156.37236
TOI-481 b,11.097,486.27990
KOI-3680 b,11.097,613.41190
HATS-3 b,11.097,174.80650
TOI-1670 c,11.063,200.23190
WASP-80 b,11.052,178.62046
XO-2 N b,11.030,188.47319
XO-2 N b,11.018,179.89178
HAT-P-2 b,11.007,2873.18320
WASP-44 b,10.985,275.55861
WASP-171 b,10.985,344.52772
HD 80606 b,10.980,1252.20000
Kepler-425 b,10.962,79.45000
Kepler-425 b,10.962,71.82958
WASP-84 b,10.940,218.34921
TOI-2567 b,10.929,63.88351
OGLE-TR-111 b,10.873,165.27160
CoRoT-10 b,10.873,867.67590
CoRoT-10 b,10.870,874.00000
HATS-10 b,10.862,167.17858
HATS-10 b,10.862,185.93055
TOI-172 b,10.817,1722.63860
Kepler-419 b,10.800,794.50000
WASP-23 b,10.783,280.95000
WASP-23 b,10.783,279.37257
WASP-32 b,10.761,835.89290
WASP-126 b,10.761,88.99240
WASP-105 b,10.761,572.09400
TOI-2158 b,10.761,260.61929
Kepler-77 b,10.761,165.90726
Kepler-77 b,10.761,136.66100
Kepler-74 b,10.761,191.96932
Kepler-45 b,10.761,153.82972
Kepler-419 b,10.761,820.00140
Kepler-15 b,10.761,201.18639
HAT-P-12 b,10.761,66.74430
Kepler-77 b,10.760,225.65000
Kepler-74 b,10.760,200.22000
Kepler-45 b,10.760,160.49700
Kepler-15 b,10.760,209.76000
HAT-P-12 b,10.749,66.23577
HAT-P-12 b,10.749,67.05900
WASP-2 b,10.705,279.68000
CoRoT-28 b,10.705,152.87623
CoRoT-28 b,10.705,153.82972
HATS-22 b,10.682,870.85420
WASP-80 b,10.671,171.62820
WASP-80 b,10.671,176.07000
HAT-P-2 b,10.660,2739.69460
WASP-80 b,10.650,174.80000
HAT-P-12 b,10.637,67.06213
WASP-107 b,10.626,38.13960
HAT-P-3 b,10.615,185.61272
HAT-P-18 b,10.615,62.29468
WASP-45 b,10.604,306.38812
Kepler-56 c,10.600,137.60000
Kepler-30 d,10.600,5403.11000
HATS-69 b,10.593,183.38791
HAT-P-54 b,10.581,578.45060
HAT-P-54 b,10.581,241.55080
WASP-84 b,10.559,220.57402
WASP-84 b,10.559,220.56500
K2-114 b,10.559,587.98550
POTS-1 b,10.548,734.16000
CoRoT-10 b,10.548,883.56740
KOI-1257 b,10.540,460.83000
WASP-56 b,10.536,143.02350
WASP-107 b,10.536,38.13960
TOI-4582 b,10.536,168.44906
HAT-P-3 b,10.536,206.58950
WISEP J121756.91+162640.2 A b,10.468,6992.00000
K2-114 b,10.447,638.83510
WASP-43 b,10.424,565.71400
WASP-129 b,10.424,317.83000
K2-113 b,10.424,410.00070
WASP-43 b,10.420,572.10000
WD 1856+534 b,10.400,4386.05400
TOI-2421 b,10.368,105.83686
WASP-107 b,10.357,37.82177
HAT-P-12 b,10.301,63.88383
WASP-57 b,10.267,213.57300
WASP-7 b,10.256,305.11680
HATS-5 b,10.223,75.64354
HATS-5 b,10.223,75.32300
HAT-P-3 b,10.211,189.10885
WASP-11 b,10.200,168.44990
Kepler-167 e,10.160,321.00669
TOI-2525 c,10.133,208.81326
HATS-46 b,10.122,54.98459
TOI-216.01,10.100,177.98391
KOI-94 d,10.100,58.40000
WASP-145 A b,10.088,282.86870
TOI-2337 b,10.088,508.52545
PH2 b,10.088,25426.40000
CoRoT-29 b,10.088,270.15550
CoRoT-29 b,10.088,266.97720
HAT-P-61 b,10.077,335.94463
HAT-P-3 b,10.077,189.42668
HAT-P-3 b,10.077,193.55847
K2-295 b,10.054,106.47305
Kepler-424 b,9.980,327.35000
Kepler-41 b,9.980,174.80000
WASP-130 b,9.976,390.93090
Lupus-TR-3 b,9.976,257.43100
Kepler-424 b,9.976,341.98508
HAT-P-3 b,9.976,190.38017
HAT-P-3 b,9.976,190.38017
Kepler-1708 b,9.960,1462.01067
CoRoT-13 b,9.920,423.03173
CoRoT-13 b,9.920,415.70400
HATS-75 b,9.909,156.05375
WASP-60 b,9.864,174.80650
Kepler-56 c,9.800,181.00000
Kepler-56 c,9.800,286.80000
HATS-8 b,9.785,43.86054
HATS-8 b,9.785,46.08535
WASP-132 b,9.752,130.31030
HAT-P-20 b,9.750,2320.10000
V1298 Tau b,9.729,203.41018
HD 332231 b,9.718,77.55052
HAT-P-20 b,9.718,2302.89900
HAT-P-20 b,9.718,2310.62410
Kepler-51 d,9.700,7.60000
WASP-60 b,9.640,160.50415
WASP-60 b,9.640,163.35800
TOI-954 b,9.550,55.30242
Kepler-41 b,9.550,156.69019
WASP-182 b,9.528,47.03884
WASP-144 b,9.528,139.84520
K2-261 b,9.528,70.87609
K2-261 b,9.528,59.75174
K2-261 b,9.505,67.69745
K2-287 b,9.494,100.11645
Kepler-51 d,9.460,5.70000
Kepler-9 b,9.438,80.09000
TOI-1298 b,9.427,113.14691
CoRoT-20 b,9.420,1347.54000
CoRoT-20 b,9.416,1344.42090
Kepler-51 c,9.310,9.70000
TOI-530 b,9.303,127.13136
HAT-P-3 b,9.270,187.83000
HAT-P-38 b,9.247,84.86061
HAT-P-38 b,9.247,84.85700
Kepler-9 c,9.225,54.34700
Kepler-1654 b,9.180,158.91500
HD 221416 b,9.170,60.50000
NGTS-11 b,9.158,109.33352
WASP-69 b,9.113,82.63200
HD 149026 b,9.113,116.95700
TOI-1268 b,9.100,96.40000
HD 149026 b,9.090,102.34126
SWEEPS-4 b,9.079,1207.70000
Kepler-46 b,9.079,281.27955
Kepler-46 b,9.057,1907.00000
K2-139 b,9.057,123.00021
Kepler-51 c,9.000,4.00000
Kepler-51 c,8.980,4.43000
WASP-148 b,8.967,112.51126
WASP-139 b,8.967,37.18611
HATS-48 A b,8.967,77.23269
WASP-29 b,8.878,77.86835
WASP-29 b,8.878,77.54700
KOI-1783.01,8.860,71.00000
Kepler-9 b,8.850,2175.00000
Kepler-30 d,8.800,23.10000
Kepler-177 c,8.730,14.70000
HATS-17 b,8.709,425.25654
WASP-29 b,8.698,77.55052
WASP-59 b,8.687,272.38031
WASP-59 b,8.687,274.27600
TOI-2525 b,8.676,26.69759
K2-329 b,8.676,82.63580
Kepler-9 c,8.650,509.70000
WASP-29 b,8.631,73.10090
TOI-2364 b,8.608,71.51139
Kepler-51 b,8.600,2.30000
HATS-49 b,8.575,112.19399
Kepler-34 b,8.564,69.92000
WASP-148 b,8.474,91.21675
Kepler-16 b,8.449,105.83300
Kepler-539 b,8.373,308.29510
Kepler-9 c,8.300,29.90000
TOI-3629 b,8.295,82.63539
HD 149026 b,8.295,120.77540
Kepler-9 b,8.290,43.40000
V1298 Tau e,8.239,368.68095
Kepler-9 b,8.200,43.50000
K2-39 b,8.200,50.30000
Kepler-35 b,8.160,40.36300
TOI-2000 c,8.140,81.70000
HATS-72 b,8.097,39.85588
WASP-148 b,8.093,92.48853
Kepler-9 c,8.080,29.90000
KOI-351 g,8.070,254.26400
Kepler-117 b,8.059,29.87500
TOI-216.02,8.000,18.75188
CoRoT-8 b,7.981,68.65128
K2-24 c,7.820,26.00000
K2-24 c,7.820,27.00000
Kepler-9 b,7.740,43.98767
K2-19 b,7.740,28.50000
TOI-216.02,7.690,30.00000
K2-60 b,7.656,135.39558
K2-280 b,7.500,37.10000
K2-24 c,7.500,15.40000
K2-19 b,7.460,44.00000
HD 89345 b,7.398,34.96130
Kepler-297 c,7.390,42.10000
HD 149026 b,7.331,114.10097
Kepler-177 c,7.300,13.50000
HD 89345 b,7.263,38.45743
Kepler-27 c,7.170,21.20000
TOI-257 b,7.163,43.86032
Kepler-79 d,7.160,6.00000
Kepler-51 b,7.100,2.10000
Kepler-177 c,7.100,7.50000
WASP-166 b,7.062,32.10083
HAT-P-26 b,7.062,22.24810
Kepler-47 d,7.040,19.02000
K2-19 b,7.000,32.40000
K2-141 c,7.000,7.40000
K2-141 c,7.000,8.00000
Kepler-18 d,6.980,16.40000
TOI-181 b,6.956,46.16870
CoRoT-8 b,6.938,69.28694
Kepler-79 d,6.912,11.30000
Kepler-51 b,6.890,3.69000
HATS-38 b,6.882,23.51942
HD 89345 b,6.860,35.70000
TOI-1338 b,6.850,33.00000
HD 149026 b,6.837,113.14748
HATS-37 A b,6.793,31.46517
Kepler-18 d,6.630,15.70000
KOI-94 e,6.560,35.00000
Kepler-56 b,6.510,22.10000
Kepler-56 b,6.510,236.20000
V1298 Tau d,6.434,98.52681
Kepler-51 c,6.400,3.90000
CoRoT-8 b,6.390,69.92000
CoRoTID 223977153 b,6.389,47.67450
CoRoT-8 b,6.389,69.28694
HAT-P-26 b,6.333,18.75100
HATS-7 b,6.311,38.13960
HATS-7 b,6.311,39.09309
K2-39 b,6.277,28.60470
Kepler-453 b,6.204,16.00000
TOI-4010 d,6.180,38.15000
PH1 b,6.180,169.00000
Kepler-87 c,6.140,6.40000
EPIC 211945201 b,6.120,27.00000
Kepler-63 b,6.110,120.00000
Kepler-450 b,6.083,19.40000
TOI-2498 b,6.060,34.62000
TOI-3884 b,6.000,16.50000
Kepler-18 d,6.000,14.90000
TOI-4010 c,5.930,20.31000
Kepler-27 b,5.850,41.80000
HD 152843 c,5.830,27.50000
TOI-532 b,5.820,61.50000
TOI-942 c,5.790,794.57500
Kepler-101 b,5.770,51.10000
K2-33 b,5.760,1144.18800
WASP-156 b,5.717,40.68224
K2-39 b,5.710,39.80000
K2-24 b,5.680,19.80000
K2-24 b,5.680,21.00000
DS Tuc A b,5.630,413.17900
Kepler-238 e,5.600,169.70000
Kepler-105 b,5.520,5.10000
Kepler-279 c,5.500,7.40000
Kepler-18 c,5.490,17.30000
Kepler-103 c,5.450,38.00000
TOI-1694 b,5.440,26.10000
KOI-1783.02,5.440,15.00000
Kepler-328 c,5.400,39.40000
K2-24 b,5.400,19.00000
K2-32 b,5.380,21.10000
TOI-1710 b,5.340,28.30000
Kepler-82 c,5.340,13.90000
Kepler-396 c,5.300,17.90000
Kepler-31 c,5.300,1493.70000
K2-32 b,5.299,15.00000
Kepler-82 c,5.280,18.40000
K2-108 b,5.280,59.40000
TOI-674 b,5.250,23.60000
TOI-1288 b,5.240,42.00000
Kepler-223 d,5.240,8.00000
Kepler-18 c,5.220,18.40000
Kepler-25 c,5.217,15.20000
Kepler-25 c,5.200,24.60000
V1298 Tau c,5.156,76.27882
Kepler-103 c,5.140,36.10000
K2-32 b,5.130,16.50000
Kepler-56 b,5.100,32.00000
TOI-421 c,5.090,16.42000
TOI-1728 b,5.050,26.78000
K2-33 b,5.040,1175.97100
Kepler-1656 b,5.020,48.60000
CoRoT-24 c,5.000,28.00000
Kepler-33 d,4.980,11.70000
NGTS-14 A b,4.977,29.24036
TOI-5678 b,4.910,20.00000
Kepler-27 c,4.900,4385.87000
CoRoT-22 b,4.880,12.20000
K2-19 c,4.860,25.60000
GJ 3470 b,4.830,13.90000
HAT-P-11 b,4.820,28.60470
TOI-942 b,4.810,826.35800
Kepler-359 c,4.800,2.90000
TOI-942 c,4.793,37.00000
HAT-P-11 b,4.730,25.74300
LTT 9779 b,4.720,29.32000
Kepler-31 c,4.710,29.50000
HD 219666 b,4.710,16.60000
LP 714-47 b,4.700,30.80000
Kepler-47 c,4.650,3.17000
Kepler-47 c,4.620,8899.00000
Kepler-359 d,4.600,2.70000
Kepler-33 d,4.600,4.10000
Kepler-223 e,4.600,4.80000
Kepler-33 d,4.580,3.91000
GJ 3470 b,4.570,13.90000
Kepler-11 e,4.520,8.40000
K2-19 c,4.510,15.90000
Kepler-25 c,4.500,1322.12000
Kepler-25 c,4.500,14.30000
K2-27 b,4.480,30.90000
K2-27 b,4.450,29.10000
HAT-P-11 b,4.450,26.69772
Kepler-411 c,4.421,26.40000
HD 106315 c,4.350,15.20000
Kepler-413 b,4.347,67.00000
Kepler-145 c,4.320,79.40000
KOI-94 c,4.320,15.60000
GJ 3470 b,4.320,14.10000
Kepler-38 b,4.300,122.00000
Kepler-279 d,4.300,4.50000
Kepler-279 c,4.300,49.40000
K2-98 b,4.300,32.20000
GJ 436 b,4.260,23.20100
TOI-942 b,4.242,16.00000
HD 28109 c,4.230,7.94300
GJ 436 b,4.222,23.16880
GJ 436 b,4.200,23.10000
GJ 3470 b,4.200,14.00000
GJ 436 b,4.191,23.13802
Kepler-11 e,4.190,8.00000
GJ 436 b,4.170,22.10000
Kepler-33 f,4.150,25.20000
TOI-1272 b,4.140,24.60000
Kepler-4 b,4.125,23.83725
K2-19 c,4.100,10.80000
GJ 436 b,4.100,25.40000
GJ 436 b,4.091,23.42407
K2-79 b,4.090,9.20000
Kepler-82 b,4.070,12.15000
AU Mic b,4.070,17.00000
Kepler-4 b,4.002,24.47200
Kepler-462 c,4.000,6.00000
Kepler-33 f,4.000,9.60000
Kepler-33 f,4.000,9.65000
Kepler-27 b,4.000,2895.31000
Kepler-11 e,4.000,6.70000
Kepler-11 e,3.980,7.00000
TOI-1422 b,3.960,9.00000
Kepler-82 b,3.950,51.00000
EPIC 249893012 d,3.940,10.18000
Kepler-31 d,3.900,2161.24400
Kepler-30 b,3.900,11.30000
HIP 9618 b,3.900,10.00000
HD 95338 b,3.890,42.44000
K2-100 b,3.880,21.80000
GJ 3470 b,3.880,13.73000
GJ 3470 b,3.880,12.58000
Kepler-1661 b,3.870,17.00000
K2-10 b,3.840,27.00000
Kepler-36 c,3.800,7.50000
Kepler-223 d,3.800,5.90000
KOI-94 c,3.800,7.80000
TOI-1246 e,3.780,14.80000
KOI-142 b,3.780,8.70000
K2-32 d,3.750,35.00000
Kepler-33 e,3.740,12.80000
Kepler-79 c,3.720,5.90000
WASP-47 d,3.710,16.80000
Kepler-595 b,3.708,17.40000
CoRoT-24 b,3.700,5.70000
Kepler-36 c,3.692,9.61000
Kepler-36 c,3.679,7.13000
Kepler-36 c,3.679,8.08000
EPIC 249893012 c,3.670,14.67000
Kepler-305 b,3.660,7.20000
Kepler-11 g,3.660,300.00000
TOI-1231 b,3.650,15.40000
WASP-47 d,3.630,15.20000
WASP-47 d,3.600,10.40000
Kepler-305 b,3.600,10.50000
Kepler-30 b,3.600,63.56600
Kepler-29 b,3.600,127.10000
Kepler-28 b,3.600,479.90000
Kepler-26 c,3.600,119.18100
Kepler-26 b,3.600,120.77000
K2-105 b,3.590,30.00000
WASP-47 d,3.576,13.10000
WASP-47 d,3.567,14.20000
Kepler-30 b,3.560,78.60000
Kepler-79 c,3.553,9.50000
HD 183579 b,3.550,19.70000
Kepler-33 e,3.530,5.57000
K2-285 c,3.530,15.68000
HD 183579 b,3.530,11.20000
TOI-2196 b,3.510,26.00000
TOI-1246 d,3.510,5.30000
Kepler-94 b,3.510,10.84000
Kepler-92 b,3.510,64.30000
Kepler-396 b,3.500,75.50000
Kepler-33 e,3.500,5.50000
Kepler-177 b,3.500,5.84000
Kepler-79 e,3.490,4.10000
Kepler-103 b,3.486,9.80000
K2-32 d,3.484,6.70000
K2-32 c,3.480,8.10000
Kepler-79 b,3.470,10.90000
TOI-849 b,3.444,39.09000
Kepler-223 c,3.440,5.10000
K2-25 b,3.440,24.50000
KOI-142 b,3.438,9.50000
Kepler-11 d,3.430,6.10000
K2-32 d,3.430,10.30000
TOI-132 b,3.420,22.40000
Kepler-95 b,3.420,13.00000
Kepler-79 e,3.414,6.30000
HD 191939 b,3.410,10.00000
HD 152843 b,3.410,11.56000
Kepler-28 c,3.400,432.23000
K2-138 e,3.390,12.97000
HD 191939 b,3.390,10.40000
Kepler-103 b,3.370,9.70000
Kepler-277 c,3.360,64.20000
Kepler-277 c,3.360,39.60000
Kepler-305 c,3.350,4.50000
Kepler-29 b,3.350,4.51000
HIP 9618 c,3.343,18.30000
Kepler-79 b,3.338,12.50000
Kepler-11 g,3.330,25.00000
Kepler-411 d,3.319,15.20000
Kepler-245 d,3.310,21.60000
Kepler-305 c,3.300,6.00000
Kepler-11 d,3.300,6.80000
TOI-431 d,3.290,9.90000
HD 28109 d,3.250,5.68100
TOI-1696 b,3.240,56.60000
Kepler-297 b,3.240,48.50000
AU Mic c,3.240,13.60000
HD 93963 A c,3.228,19.20000
Kepler-307 b,3.210,2.10000
Kepler-307 b,3.200,3.10000
Kepler-23 c,3.200,858.10000
Kepler-23 c,3.200,60.20000
K2-36 c,3.200,7.90000
K2-36 c,3.200,7.80000
HD 191939 c,3.195,8.00000
NGTS-4 b,3.180,20.60000
Kepler-53 c,3.170,36.00000
Kepler-351 c,3.160,11.10000
Kepler-11 c,3.150,13.50000
TOI-1759 b,3.140,10.80000
Kepler-48 c,3.140,13.60000
Kepler-29 c,3.140,4.00000
K2-32 c,3.134,8.10000
Kepler-104 b,3.130,19.60000
TOI-1260 d,3.120,11.84000
Kepler-53 c,3.120,35.50000
Kepler-11 d,3.120,7.30000
Kepler-549 b,3.100,11.00000
Kepler-385 c,3.100,13.20000
Kepler-350 c,3.100,6.10000
Kepler-282 e,3.100,56.20000
Kepler-279 d,3.100,37.50000
Kepler-177 b,3.100,5.40000
TOI-1696 b,3.090,48.80000
Kepler-170 b,3.080,82.60000
HD 191939 c,3.080,7.20000
Kepler-20 c,3.070,16.10000
TOI-1759 b,3.060,6.80000
K2-290 b,3.060,10.90000
Kepler-47 b,3.050,2.07000
Kepler-20 c,3.047,12.75000
HD 191939 d,3.040,5.80000
TOI-220 b,3.030,13.80000
Kepler-47 b,3.030,636.00000
Kepler-351 b,3.030,4.80000
Kepler-326 b,3.030,44.60000
TOI-4010 b,3.020,11.00000
K2-138 g,3.013,4.32000
TOI-1246 b,3.010,8.10000
Kepler-48 c,3.010,9.80000
Kepler-414 c,3.010,29.90000
Kepler-307 b,3.010,8.81000
K2-32 c,3.010,12.10000
HD 3167 c,3.010,9.80000
Kepler-462 b,3.000,53.90000
Kepler-307 b,3.000,8.80000
K2-136 c,3.000,18.10000
HIP 94235 b,3.000,379.00000
HD 3167 c,3.000,11.13000
HD 191939 d,2.995,2.80000
Kepler-49 c,2.990,8.30000
Kepler-223 b,2.990,7.40000
HD 63935 b,2.990,10.80000
Kepler-11 d,2.970,6.70000
TOI-125 d,2.930,13.60000
Kepler-28 b,2.930,8.80000
K2-266 d,2.930,8.90000
TOI-824 b,2.926,18.46700
HD 3167 c,2.923,10.67000
Kepler-277 b,2.920,87.30000
Kepler-277 b,2.920,78.10000
HD 136352 c,2.916,11.24000
TOI-561 c,2.910,5.39000
TOI-561 c,2.910,6.60000
TOI-1221 b,2.910,1112.39942
K2-138 f,2.904,1.63000
Kepler-107 e,2.903,14.10000
Kepler-107 e,2.903,8.60000
TOI-561 c,2.900,7.00000
Kepler-79 e,2.900,3.40000
Kepler-29 c,2.900,95.30000
Kepler-276 c,2.900,16.60000
Kepler-26 b,2.900,5.02000
Kepler-177 b,2.900,2.00000
HD 63935 c,2.900,11.10000
Kepler-20 c,2.894,11.10000
Kepler-53 b,2.890,111.00000
TOI-561 c,2.878,5.40000
TOI-178 g,2.870,3.94000
Kepler-11 c,2.870,2.90000
Kepler-58 c,2.860,53.00000
K2-199 c,2.850,12.40000
GJ 1214 b,2.847,6.26125
Kepler-53 b,2.840,103.10000
EPIC 220674823 c,2.836,8.90000
Kepler-276 c,2.830,25.20000
TOI-561 d,2.820,12.15000
TOI-561 d,2.820,13.20000
TOI-1260 c,2.820,11.80000
Kepler-307 c,2.810,1.90000
Kepler-81 b,2.800,17.20000
Kepler-49 c,2.800,5.90000
Kepler-350 d,2.800,14.90000
Kepler-307 c,2.800,1.50000
Kepler-276 d,2.800,16.30000
Kepler-24 c,2.800,508.50000
Kepler-50 c,2.790,8.20000
Kepler-385 b,2.790,12.80000
Kepler-326 c,2.790,17.40000
HD 73583 b,2.790,10.20000
Kepler-58 b,2.780,35.50000
Kepler-26 b,2.780,5.12000
TOI-269 b,2.770,8.80000
Kepler-28 c,2.770,10.90000
EPIC 220674823 c,2.770,5.70000
TOI-969 b,2.765,9.10000
TOI-1260 c,2.760,13.20000
TOI-125 c,2.759,6.63000
Kepler-20 d,2.750,20.10000
Kepler-25 b,2.748,8.70000
Kepler-20 d,2.744,10.07000
GJ 1214 b,2.742,8.17000
TOI-251 b,2.740,317.83000
Kepler-80 c,2.740,6.74000
Kepler-276 d,2.740,18.40000
HIP 97166 b,2.740,20.00000
HD 3167 c,2.740,8.33000
GJ 1214 b,2.740,6.37000
Kepler-11 c,2.730,5.90000
K2-266 e,2.730,14.30000
TOI-125 b,2.726,9.50000
Kepler-307 c,2.720,3.90000
Kepler-26 c,2.720,6.20000
Kepler-83 b,2.710,42.10000
Kepler-48 c,2.710,14.61000
Kepler-25 b,2.710,9.60000
TOI-2000 b,2.700,11.00000
Kepler-81 c,2.700,4.30000
Kepler-307 c,2.700,3.90000
Kepler-305 d,2.700,9.10000
HD 18599 b,2.700,25.50000
K2-182 b,2.690,20.00000
TOI-421 b,2.680,7.17000
Kepler-289 d,2.680,4.00000
Kepler-221 c,2.680,15.10000
GJ 1214 b,2.678,6.55000
TOI-561 e,2.670,16.00000
Kepler-96 b,2.670,8.46000
Kepler-80 b,2.670,6.93000
Kepler-58 b,2.660,34.90000
TOI-1064 c,2.651,2.50000
Kepler-145 b,2.650,37.10000
Kepler-109 c,2.650,8.20000
GJ 1214 b,2.650,6.45000
TOI-763 c,2.630,9.32000
K2-292 b,2.630,24.50000
Kepler-65 c,2.623,5.40000
Kepler-65 c,2.610,26.60000
Kepler-11 f,2.610,2.30000
K2-18 b,2.610,8.63000
GJ 143 b,2.610,22.70000
HD 136352 c,2.608,11.29000
Kepler-20 d,2.606,13.40000
Kepler-92 c,2.600,6.10000
Kepler-33 c,2.600,0.39000
Kepler-25 b,2.600,9.00000
Kepler-25 b,2.600,4036.30000
Kepler-223 c,2.600,12.40000
Kepler-11 f,2.600,1.70000
HD 18599 b,2.600,24.10000
Kepler-450 c,2.596,12.50000
K2-110 b,2.592,16.70000
K2-110 b,2.592,15.90000
K2-285 b,2.590,9.68000
K2-146 c,2.590,7.10000
TOI-836 c,2.587,9.60000
TOI-1064 b,2.587,13.50000
Kepler-55 b,2.580,43.00000
KOI-1833 d,2.580,11.02000
BD+20 594 b,2.578,22.24810
TOI-178 d,2.572,3.01000
HD 136352 d,2.562,8.82000
Kepler-176 c,2.560,23.00000
Kepler-106 e,2.560,11.17000
TOI-561 e,2.550,13.60000
TOI-561 e,2.550,12.60000
Kepler-29 b,2.550,5.00000
Kepler-123 b,2.550,55.30000
TOI-561 d,2.530,11.95000
Kepler-350 c,2.530,7.20000
Kepler-114 d,2.530,3.90000
HIP 116454 b,2.530,10.10000
HIP 116454 b,2.530,11.82000
HD 15337 c,2.522,8.79000
TOI-1749 d,2.520,15.00000
Kepler-52 b,2.520,79.60000
Kepler-129 c,2.520,43.00000
Kepler-109 c,2.520,21.80000
TOI-1246 c,2.510,8.80000
Kepler-26 c,2.510,6.12000
Kepler-219 d,2.510,19.10000
HD 207897 b,2.501,14.40000
Kepler-26 c,2.500,6.10000
Kepler-106 c,2.500,10.44000
K2-22 b,2.500,444.96200
EPIC 220674823 c,2.500,5.80000
Kepler-11 f,2.490,2.00000
Kepler-109 b,2.490,4.90000
K2-66 b,2.490,21.30000
K2-38 c,2.490,7.40000
Kepler-416 b,2.480,58.20000
K2-285 d,2.480,6.50000
Kepler-176 d,2.470,15.20000
HIP 116454 b,2.466,12.71320
Kepler-282 d,2.460,61.00000
TOI-1266 b,2.458,15.90000
Kepler-211 c,2.450,18.30000
HD 5278 b,2.450,7.80000
K2-12 b,2.440,5.20000
HD 106315 b,2.440,12.60000
LP 791-18 c,2.438,7.10000
Kepler-338 b,2.430,30.60000
Kepler-307 b,2.430,7.44000
LTT 3780 c,2.420,6.29000
K2-38 c,2.420,9.90000
TOI-1201 b,2.415,6.28000
TOI-1260 b,2.410,8.56000
Kepler-363 c,2.410,66.40000
Kepler-326 d,2.410,6.90000
Kepler-131 b,2.410,16.13000
K2-263 b,2.410,14.90000
K2-263 b,2.410,14.80000
Kepler-411 b,2.401,25.60000
Kepler-24 b,2.400,508.50000
Kepler-189 c,2.400,22.70000
K2-138 d,2.390,7.92000
HD 73583 c,2.390,9.70000
HD 15337 c,2.390,8.11000
Kepler-60 c,2.380,17.20000
Kepler-245 c,2.380,225.60000
Kepler-22 b,2.380,36.00000
K2-18 b,2.380,7.96000
TOI-1266 b,2.370,13.50000
Kepler-57 b,2.370,118.10000
Kepler-454 b,2.370,6.84000
Kepler-454 b,2.370,5.40000
Kepler-11 f,2.370,2.50000
Kepler-109 b,2.370,7.30000
K2-18 b,2.370,8.92000
Kepler-24 c,2.360,33.60000
K2-233 d,2.358,21.14000
Kepler-68 b,2.357,8.03000
TOI-270 c,2.355,6.15000
Kepler-10 c,2.355,11.40000
Kepler-68 b,2.354,6.35660
Kepler-454 b,2.354,6.05338
HD 97658 b,2.354,8.88263
Kepler-55 c,2.350,69.80000
Kepler-10 c,2.350,17.20000
Kepler-10 c,2.350,13.98000
K2-222 b,2.350,8.70000
HD 97658 b,2.341,7.86000
TOI-1260 b,2.340,8.60000
Kepler-29 c,2.340,4.50000
Kepler-215 d,2.340,23.60000
EPIC 229004835 b,2.332,10.40000
Kepler-83 c,2.330,11.40000
Kepler-68 b,2.330,5.97000
Kepler-244 d,2.320,15.20000
Kepler-68 b,2.310,8.30000
Kepler-417 b,2.310,11.00000
Kepler-120 b,2.310,8.50000
LTT 3780 c,2.300,8.60000
Kepler-49 b,2.300,8.00000
Kepler-328 b,2.300,28.50000
K2-77 b,2.300,603.87700
K2-167 b,2.300,6.50000
K2-138 c,2.299,6.31000
Kepler-226 c,2.290,45.20000
K2-38 c,2.290,8.30000
K2-3 b,2.290,6.60000
TOI-178 f,2.287,7.72000
TOI-763 b,2.280,9.79000
Kepler-350 d,2.280,14.80000
Kepler-240 c,2.280,102.30000
GJ 1214 b,2.270,6.43000
TOI-2018 b,2.268,9.20000
TOI-1062 b,2.265,10.15000
Kepler-32 b,2.250,9.40000
K2-3 b,2.250,6.47000
K2-146 b,2.250,5.60000
HD 207496 b,2.250,6.10000
HD 97658 b,2.247,7.55000
K2-180 b,2.242,11.44182
Kepler-183 c,2.230,35.70000
BD+20 594 b,2.230,16.30000
Kepler-10 c,2.227,20.00000
Kepler-102 e,2.220,8.93000
Kepler-538 b,2.215,10.60000
Kepler-538 b,2.215,12.90000
Kepler-1655 b,2.213,5.40000
Kepler-1655 b,2.213,5.00000
Kepler-19 b,2.209,6.10000
Kepler-19 b,2.209,20.30000
TOI-178 e,2.207,3.86000
TOI-2136 b,2.200,4.70000
Kepler-60 b,2.200,23.10000
Kepler-52 c,2.200,62.90000
Kepler-50 b,2.200,8.90000
Kepler-32 b,2.200,1303.00000
Kepler-307 c,2.200,3.64000
Kepler-231 b,2.200,35.40000
Kepler-23 d,2.200,17.60000
Kepler-223 b,2.200,4.00000
Kepler-100 c,2.200,7.05000
HD 28109 b,2.199,18.49600
TOI-2136 b,2.190,6.37000
Kepler-57 b,2.190,115.00000
Kepler-54 b,2.190,21.50000
K2-146 c,2.190,7.49000
Kepler-113 c,2.180,8.70000
55 Cnc e,2.173,8.37000
Kepler-102 e,2.170,4.70000
HD 86226 c,2.160,7.25000
Kepler-289 b,2.150,7.30000
HD 23472 c,2.149,17.18000
Kepler-85 c,2.140,20.90000
Kepler-48 b,2.140,21.10000
K2-3 b,2.140,8.10000
TOI-270 d,2.133,4.78000
Kepler-83 d,2.130,24.60000
Kepler-231 c,2.130,24.10000
GJ 3090 b,2.130,3.34000
TOI-1749 c,2.120,14.00000
K2-229 c,2.120,21.30000
HD 97658 b,2.120,8.30000
Kepler-267 b,2.110,37.90000
Kepler-52 b,2.100,135.00000
Kepler-310 d,2.100,7.00000
Kepler-22 b,2.100,9.10000
TOI-2136 b,2.090,15.00000
Kepler-254 c,2.090,3.20000
Kepler-203 c,2.090,749.90000
Kepler-317 b,2.080,109.80000
55 Cnc e,2.080,7.81000
K2-3 b,2.078,8.40000
GJ 9827 d,2.070,5.20000
TOI-1468 c,2.064,6.64000
pi Men c,2.060,4.52000
TOI-1670 b,2.060,41.31769
Kepler-84 c,2.060,20.20000
Kepler-79 c,2.050,13.70000
Kepler-48 b,2.050,14.30000
Kepler-1705 c,2.050,5.42000
K2-146 b,2.050,5.77000
HD 110113 b,2.050,4.55000
Wolf 503 b,2.043,6.27000
Wolf 503 b,2.043,6.26000
pi Men c,2.042,4.82000
Kepler-49 b,2.040,8.60000
Kepler-48 d,2.040,7.93000
GJ 9827 d,2.040,2.35000
TOI-1695 b,2.030,5.50000
Kepler-37 d,2.030,2.00000
Kepler-1705 b,2.030,4.47000
G 9-40 b,2.025,11.70000
GJ 9827 d,2.022,3.53000
GJ 9827 d,2.022,4.04000
TOI-776 c,2.020,5.30000
Kepler-32 c,2.020,7.70000
Kepler-24 b,2.020,33.30000
Kepler-122 e,2.020,27.70000
Kepler-37 d,2.000,62.50000
Kepler-32 c,2.000,158.90000
Kepler-238 f,2.000,13.50000
Kepler-18 b,2.000,6.90000
HD 23472 b,2.000,8.32000
55 Cnc e,2.000,8.63000
TOI-733 b,1.992,5.72000
Kepler-98 b,1.990,3.55000
Kepler-60 d,1.990,4.16000
Kepler-11 b,1.970,4.30000
Kepler-84 b,1.950,40.00000
Kepler-62 d,1.950,14.00000
Kepler-184 c,1.950,8.80000
K2-285 e,1.950,10.70000
EPIC 249893012 b,1.950,8.75000
Kepler-37 d,1.940,12.20000
Kepler-161 b,1.930,12.10000
Kepler-79 b,1.920,54.10000
55 Cnc e,1.920,8.08000
Kepler-20 b,1.910,8.70000
55 Cnc e,1.910,8.08000
K2-38 b,1.906,19.06980
TOI-1695 b,1.900,6.36000
Kepler-60 c,1.900,3.85000
Kepler-323 c,1.900,79.70000
Kepler-30 b,1.900,8.80000
Kepler-23 b,1.900,15.20000
Kepler-23 b,1.900,254.30000
KOI-1599.02,1.900,9.00000
KOI-1599.01,1.900,4.60000
K2-111 b,1.900,8.60000
55 Cnc e,1.897,7.74000
Kepler-48 b,1.880,3.94000
55 Cnc e,1.875,7.99000
HD 23472 b,1.872,17.92000
Kepler-161 c,1.870,11.80000
HD 23472 c,1.870,3.41000
Kepler-20 b,1.868,9.70000
CoRoT-7 b,1.861,6.99226
Kepler-349 b,1.860,94.50000
WASP-132 c,1.850,37.35000
TOI-776 b,1.850,4.00000
Kepler-105 c,1.850,3.00000
Kepler-52 c,1.840,45.40000
WASP-47 e,1.829,22.00000
WASP-47 e,1.820,9.10000
Kepler-113 b,1.820,11.70000
K2-111 b,1.820,5.58000
K2-111 b,1.820,5.29000
EPIC 220674823 b,1.820,9.00000
WASP-47 e,1.817,12.20000
WASP-47 e,1.810,6.83000
K2-131 b,1.810,6.50000
WASP-47 e,1.808,6.77000
Kepler-60 c,1.800,2.00000
Kepler-136 b,1.800,19.80000
Kepler-11 b,1.800,1.90000
TOI-1075 b,1.791,9.95000
TOI-1634 b,1.790,4.91000
WASP-47 e,1.773,6.91000
Kepler-20 b,1.773,9.70000
K2-3 c,1.770,3.10000
Kepler-138 c,1.750,1.60000
Kepler-122 f,1.750,36.00000
K2-216 b,1.750,8.00000
TOI-1634 b,1.749,10.14000
HD 213885 b,1.745,8.83000
TOI-2285 b,1.740,19.50000
TOI-1235 b,1.738,6.91000
K2-199 b,1.730,6.90000
LHS 1140 b,1.727,6.98000
EPIC 220674823 b,1.725,8.21000
K2-3 c,1.720,4.20000
HD 20329 b,1.720,7.42000
EPIC 220674823 b,1.712,7.72000
Kepler-60 b,1.710,4.19000
Kepler-414 b,1.710,3.50000
Kepler-11 b,1.710,4.30000
KOI-94 b,1.710,10.50000
K2-265 b,1.710,6.54000
TOI-836 b,1.704,4.53000
TOI-1685 b,1.700,3.78000
HD 3167 b,1.700,5.02000
HD 15337 b,1.699,7.20000
TOI-1235 b,1.694,5.90000
K2-3 c,1.690,3.30000
K2-131 b,1.690,7.90000
CoRoT-7 b,1.681,4.07661
Kepler-57 c,1.680,7.40000
Kepler-138 d,1.680,1.17000
CoRoT-7 b,1.680,21.00000
TOI-1266 c,1.673,6.40000
TOI-1452 b,1.672,4.82000
Kepler-323 b,1.670,684.40000
Kepler-138 c,1.670,5.20000
HD 3167 b,1.670,4.97000
TOI-178 c,1.669,4.77000
HD 136352 b,1.664,4.72000
K2-38 b,1.655,7.70000
K2-131 b,1.651,6.30000
K2-3 d,1.650,1.80000
K2-3 c,1.644,2.10000
HD 15337 b,1.640,7.51000
Kepler-21 b,1.639,5.08000
Kepler-21 b,1.639,7.50000
LHS 1140 b,1.635,6.38000
Kepler-21 b,1.635,10.40000
Kepler-272 c,1.630,97.80000
HD 3167 b,1.627,4.73000
HD 3167 b,1.626,5.59000
TOI-1416 b,1.620,3.48000
K2-3 d,1.620,1.60000
GJ 9827 b,1.620,3.42000
HD 80653 b,1.613,5.72000
HD 80653 b,1.613,5.60000
Kepler-62 e,1.610,36.00000
Kepler-333 b,1.610,28.20000
Kepler-138 d,1.610,1.01000
Kepler-138 c,1.610,3.83000
Kepler-100 d,1.610,3.00000
HD 219134 d,1.610,16.17000
HD 219134 b,1.602,4.74000
Kepler-80 e,1.600,4.13000
Kepler-60 d,1.600,3.90000
Kepler-60 b,1.600,3.70000
Kepler-114 c,1.600,2.80000
Kepler-105 c,1.600,3.60000
Kepler-107 c,1.597,10.00000
Kepler-107 c,1.597,9.39000
K2-291 b,1.589,6.49000
Kepler-65 d,1.587,4.14000
CoRoT-7 b,1.585,5.74000
Kepler-36 b,1.582,5.56000
K2-291 b,1.582,6.40000
GJ 9827 b,1.580,3.69000
CoRoT-7 b,1.580,4.60000
GJ 9827 b,1.577,5.14000
GJ 9827 b,1.577,4.91000
HD 3167 b,1.574,5.69000
GJ 9827 b,1.571,4.89000
L 98-59 d,1.570,2.31000
Kepler-323 c,1.570,6.80000
Kepler-93 b,1.569,4.54426
K2-136 d,1.565,3.00000
TOI-1266 c,1.560,2.20000
Kepler-338 e,1.560,8.50000
Kepler-226 b,1.560,24.00000
Kepler-57 c,1.550,9.10000
K2-38 b,1.550,12.00000
K2-38 b,1.540,7.30000
K2-141 b,1.540,5.31000
Kepler-107 b,1.536,3.51000
Kepler-107 b,1.536,3.80000
HD 260655 c,1.533,3.09000
Kepler-80 d,1.530,6.75000
K2-3 d,1.530,11.10000
CoRoT-7 b,1.528,6.05600
L 98-59 d,1.521,1.94000
TOI-244 b,1.520,2.68000
K2-3 d,1.520,7.50000
EPIC 220674823 b,1.520,8.36000
HD 219134 c,1.511,4.36000
Kepler-138 d,1.510,2.10000
Kepler-138 c,1.510,2.30000
K2-141 b,1.510,4.97000
K2-141 b,1.510,5.08000
K2-138 b,1.510,3.10000
Kepler-93 b,1.500,2.59000
Kepler-36 b,1.500,3.90000
Kepler-36 b,1.498,3.83000
K2-141 b,1.493,5.16000
Kepler-10 b,1.489,3.57000
Kepler-36 b,1.486,4.45000
HD 136352 b,1.482,4.62000
Kepler-10 b,1.481,4.60853
Kepler-99 b,1.480,6.15000
Kepler-97 b,1.480,3.51000
Kepler-93 b,1.478,4.66000
Kepler-93 b,1.478,3.80000
Kepler-93 b,1.478,4.02000
Kepler-10 b,1.470,3.33000
Kepler-10 b,1.470,3.26000
Kepler-10 b,1.470,3.72000
Kepler-10 b,1.460,4.60000
TOI-1685 b,1.459,3.43000
TOI-561 b,1.450,3.20000
Kepler-65 b,1.444,2.40000
LHS 1140 b,1.430,6.65000
Kepler-406 b,1.430,6.35000
Kepler-128 b,1.430,0.77000
K2-36 b,1.430,3.90000
K2-36 b,1.430,4.30000
GJ 1132 b,1.430,1.63000
TOI-561 b,1.425,2.00000
TOI-561 b,1.423,1.59000
Kepler-10 b,1.416,4.56000
Kepler-62 f,1.410,35.00000
TOI-1444 b,1.397,3.87000
TOI-1749 b,1.390,57.00000
L 168-9 b,1.390,4.60000
L 98-59 c,1.385,2.22000
Kepler-323 b,1.381,3.90000
LTT 1445 A b,1.380,2.20000
TOI-561 b,1.370,2.24000
TOI-1807 b,1.370,2.57000
LP 890-9 c,1.367,25.30000
LTT 3780 b,1.350,2.34000
L 98-59 c,1.350,2.42000
HD 93963 A b,1.350,7.80000
K2-233 b,1.343,11.26000
Kepler-128 c,1.340,0.90000
LTT 3780 b,1.332,2.62000
LP 890-9 b,1.320,13.20000
Kepler-54 c,1.320,19.80000
Kepler-100 b,1.320,7.34000
Kepler-62 b,1.310,9.00000
Kepler-272 b,1.310,78.00000
Kepler-105 c,1.310,4.60000
HD 219134 f,1.310,7.30000
HD 137496 b,1.310,4.04000
LTT 1445 A b,1.305,2.87000
GJ 486 b,1.305,2.82000
Kepler-80 e,1.300,2.10000
Kepler-80 d,1.300,3.70000
Kepler-345 c,1.300,2.20000
Kepler-114 c,1.290,40.00000
LHS 1140 c,1.282,1.81000
K2-233 c,1.281,12.81000
TOI-431 b,1.280,3.07000
TOI-1468 b,1.280,3.21000
GJ 9827 c,1.269,2.42000
GJ 3473 b,1.264,1.86000
Kepler-101 c,1.250,3.78000
LHS 1478 b,1.242,2.33000
GJ 9827 c,1.241,1.30000
GJ 9827 c,1.241,0.84000
HD 260655 b,1.240,2.14000
GJ 9827 c,1.240,1.45000
Kepler-197 c,1.230,5.30000
Kepler-78 b,1.228,1.77000
Kepler-203 d,1.220,33.90000
GJ 357 b,1.217,1.84000
Kepler-138 d,1.212,0.64000
K2-32 e,1.212,2.10000
Kepler-415 b,1.210,119.90000
KOI-3503 c,1.210,10.36000
TOI-270 b,1.206,1.58000
Kepler-78 b,1.201,1.68000
Kepler-85 e,1.200,0.60000
Kepler-78 b,1.200,1.69000
Kepler-78 b,1.200,1.87000
Kepler-409 b,1.199,6.00000
Kepler-138 c,1.197,1.97000
K2-229 b,1.197,2.49000
GJ 1252 b,1.193,2.09000
Kepler-409 b,1.190,22.00000
KOI-3503 b,1.190,9.20000
Kepler-339 d,1.180,14.70000
Kepler-327 c,1.180,20.30000
Kepler-102 d,1.180,3.80000
GJ 1252 b,1.180,1.32000
Kepler-78 b,1.173,1.86000
Kepler-102 d,1.170,2.60000
LHS 1140 c,1.169,1.76000
TOI-500 b,1.166,1.42000
K2-229 b,1.164,2.59000
Kepler-78 b,1.160,8.00000
Kepler-339 c,1.160,7.30000
GJ 1132 b,1.160,1.62000
Kepler-102 d,1.154,3.00000
TOI-178 b,1.152,1.50000
GJ 3929 b,1.150,1.21000
TRAPPIST-1 g,1.148,1.14800
LTT 1445 A c,1.147,1.54000
K2-19 d,1.140,14.00000
HD 23472 f,1.137,0.77000
Kepler-128 c,1.130,37.00000
Kepler-128 c,1.130,33.30000
Kepler-128 b,1.130,42.70000
Kepler-128 b,1.130,30.70000
KOI-1831 d,1.130,2.23000
GJ 1132 b,1.130,1.66000
TRAPPIST-1 g,1.129,1.32100
TRAPPIST-1 g,1.127,1.34000
TRAPPIST-1 b,1.121,1.01700
Kepler-78 b,1.121,1.96716
TRAPPIST-1 b,1.116,1.37400
K2-19 d,1.110,10.00000
TRAPPIST-1 c,1.097,1.30800
TRAPPIST-1 c,1.095,1.15600
GJ 3929 b,1.090,1.75000
LHS 1815 b,1.088,8.70000
TRAPPIST-1 b,1.086,0.85000
Kepler-407 b,1.070,3.20000
TRAPPIST-1 c,1.056,1.38000
TRAPPIST-1 f,1.046,0.93400
TRAPPIST-1 f,1.045,1.03900
TRAPPIST-1 f,1.045,0.68000
LP 791-18 d,1.032,0.90000
Kepler-20 f,1.030,14.30000
Kepler-114 b,1.020,6.80000
K2-415 b,1.015,7.50000
K2-136 b,1.014,4.30000
Kepler-595 c,1.009,3.30000
Kepler-68 c,1.000,7.20000
LHS 1678 c,0.982,1.40000
Kepler-68 c,0.979,1.30000
Kepler-68 c,0.953,4.80000
Kepler-20 f,0.952,1.40000
Kepler-106 d,0.950,8.10000
Kepler-450 d,0.941,17.60000
TRAPPIST-1 e,0.920,0.69200
TRAPPIST-1 e,0.918,0.62000
TRAPPIST-1 e,0.910,0.77200
HD 21749 c,0.892,3.70000
K2-137 b,0.890,158.91500
Kepler-102 f,0.880,5.20000
Kepler-20 e,0.868,3.08000
Kepler-1972 c,0.868,2.11000
KOI-55 c,0.867,0.65500
Kepler-102 f,0.861,4.30000
Kepler-107 d,0.860,7.70000
Kepler-107 d,0.860,3.80000
Kepler-1876 b,0.853,2.40000
L 98-59 b,0.850,0.40000
Kepler-406 c,0.850,2.71000
Kepler-131 c,0.840,8.25000
Kepler-20 e,0.821,0.76000
Kepler-408 b,0.820,5.00000
Kepler-106 b,0.820,5.30000
HD 23472 e,0.818,0.72000
Kepler-1972 b,0.802,2.02000
L 98-59 b,0.800,1.01000
Kepler-345 b,0.800,0.50000
TRAPPIST-1 d,0.788,0.38800
TRAPPIST-1 d,0.784,0.29700
TRAPPIST-1 h,0.773,0.33100
TRAPPIST-1 d,0.772,0.41000
KOI-55 b,0.759,0.44000
TRAPPIST-1 h,0.755,0.32600
Kepler-37 c,0.755,1.30000
Kepler-37 c,0.750,12.00000
HD 23472 d,0.750,0.55000
GJ 367 b,0.718,0.54600
Kepler-138 b,0.710,0.50000
Kepler-138 b,0.701,0.18700
LHS 1678 b,0.696,0.35000
Kepler-138 b,0.640,0.07000
Kepler-102 c,0.580,3.00000
Kepler-102 c,0.567,1.70000
Kepler-62 c,0.540,4.00000
Kepler-138 b,0.522,0.06600
KOI-4777.01,0.510,99.20000
Kepler-444 e,0.500,0.10000
Kepler-444 d,0.500,0.20000
Kepler-102 b,0.470,4.30000
Kepler-102 b,0.460,1.10000
Kepler-37 b,0.320,10.00000
Kepler-37 b,0.310,0.79000
Kepler-37 b,0.296,3.17830